bin_center,n,n_trials,mean_R,sd_R,lo95_R_pooled,hi95_R_pooled,lo95_R_cluster,hi95_R_cluster,mean_Z,sd_Z,lo95_Z_cluster,hi95_Z_cluster,lo95_Z_pooled,hi95_Z_pooled,halfwidth_pooled,halfwidth_cluster,ratio_cluster_to_pooled
-0.4857142857142857,220,70,1.1081397850200834,0.4628776705519046,1.0492681778411848,1.172770194614742,1.0513267860530584,1.1632244615508625,-0.10813978502008337,0.4628776705519046,-0.16322446155086245,-0.051326786053058404,-0.17277019461474197,-0.04926817784118476,0.061751008386778605,0.055948837748902025,0.9060392568565913
-0.45714285714285713,231,72,1.0994772394786623,0.3803987738497139,1.0527619007000222,1.1509587014367924,1.0415451297379843,1.154597518911549,-0.09947723947866227,0.3803987738497139,-0.15459751891154894,-0.0415451297379843,-0.15095870143679235,-0.05276190070002218,0.04909840036838509,0.05652619458678232,1.151283833336046
-0.42857142857142855,201,68,1.0660604947163892,0.297479153412082,1.0270940758337201,1.1075136574169644,1.0140232371472453,1.1202253566178209,-0.0660604947163892,0.297479153412082,-0.12022535661782086,-0.014023237147245293,-0.10751365741696439,-0.027094075833720144,0.040209790791622124,0.05310105973528778,1.3206002490903685
-0.4,202,62,1.1371475464197134,0.43268839991851604,1.082515376689897,1.2019857134916583,1.0784887764394413,1.2194734135966012,-0.13714754641971338,0.43268839991851604,-0.21947341359660122,-0.0784887764394413,-0.20198571349165828,-0.08251537668989695,0.05973516840088067,0.07049231857857996,1.180080687234502
-0.37142857142857144,223,72,1.0600239123927453,0.3138910726284601,1.0215847754814396,1.1045909948087873,1.008642361311276,1.1188339929448052,-0.06002391239274529,0.3138910726284601,-0.11883399294480523,-0.008642361311276048,-0.10459099480878731,-0.021584775481439555,0.041503109663673876,0.05509581581676459,1.3275105471190247
-0.34285714285714286,207,66,1.1334969992196944,0.3728047288216097,1.0844726947236523,1.1851661971452674,1.0806020774623641,1.1928087228374489,-0.13349699921969438,0.3728047288216097,-0.19280872283744888,-0.08060207746236414,-0.18516619714526739,-0.08447269472365226,0.05034675121080756,0.05610332268754237,1.1143384893422694
-0.3142857142857143,215,65,1.1048417980105785,0.3643856269601049,1.0617780379149404,1.1607093466597995,1.057798326968814,1.1613021397519219,-0.10484179801057847,0.3643856269601049,-0.16130213975192187,-0.05779832696881404,-0.16070934665979952,-0.06177803791494041,0.04946565437242956,0.051751906391553915,1.0462189785646228
-0.28571428571428575,166,60,1.1385186689255786,0.4816336662159901,1.0704204057629547,1.2160398646648205,1.063234286647018,1.2283713192911325,-0.13851866892557863,0.4816336662159901,-0.22837131929113252,-0.06323428664701791,-0.2160398646648205,-0.07042040576295472,0.07280972945093289,0.0825685163220573,1.1340313574122116
-0.2571428571428572,205,58,1.1641982923982663,0.4036172475489527,1.1114117069602192,1.2232162146453787,1.109497080397555,1.2302017562615253,-0.16419829239826633,0.4036172475489527,-0.23020175626152528,-0.10949708039755501,-0.22321621464537866,-0.11141170696021918,0.05590225384257974,0.060352337931985134,1.079604734756076
-0.2285714285714286,201,62,1.1218873246729817,0.3878567354798101,1.0732591254108093,1.1783600346642973,1.0640476844879727,1.1936375004615465,-0.12188732467298169,0.3878567354798101,-0.19363750046154649,-0.06404768448797271,-0.17836003466429728,-0.07325912541080926,0.052550454626744014,0.06479490798678689,1.2330037569991148
-0.2,187,59,1.1315329736570405,0.337523710556432,1.086528679731748,1.1830174672751663,1.086713204100475,1.1942715206550945,-0.13153297365704053,0.337523710556432,-0.19427152065509445,-0.086713204100475,-0.18301746727516632,-0.08652867973174794,0.04824439377170919,0.053779158277309724,1.1147234750589021
-0.17142857142857143,157,55,1.1524696104006507,0.46211501086942663,1.086387963759268,1.22683294718028,1.0786507489599992,1.2440335146314334,-0.15246961040065066,0.46211501086942663,-0.2440335146314334,-0.07865074895999924,-0.2268329471802799,-0.08638796375926794,0.07022249171050599,0.08269138283571709,1.177562641562399
-0.14285714285714285,161,52,1.1312150550447377,0.39284200914156486,1.0777329387138173,1.199407264856171,1.066234925809364,1.200986293707033,-0.13121505504473774,0.39284200914156486,-0.20098629370703303,-0.06623492580936396,-0.1994072648561711,-0.07773293871381726,0.060837163071176925,0.06737568394883453,1.1074757688817247
-0.1142857142857143,149,50,1.1089904028056774,0.25625798642378805,1.0696033852782623,1.1517799918690972,1.0606745566109044,1.1630060232077888,-0.1089904028056774,0.25625798642378805,-0.16300602320778879,-0.06067455661090437,-0.15177999186909719,-0.06960338527826226,0.04108830329541746,0.051165733298442206,1.24526274376846
-0.08571428571428574,117,43,1.2200810417060668,0.47978614620693427,1.1414294818067101,1.3106643685328294,1.1289466682245006,1.3339485312520405,-0.2200810417060668,0.47978614620693427,-0.3339485312520405,-0.12894666822450063,-0.3106643685328294,-0.1414294818067101,0.08461744336305965,0.10250093151376993,1.2113451723420592
-0.05714285714285716,108,41,1.2176454553280065,0.40366774182554466,1.1484556997651432,1.295128178461891,1.1344692884827658,1.3279106009138923,-0.2176454553280065,0.40366774182554466,-0.32791060091389235,-0.13446928848276585,-0.2951281784618911,-0.14845569976514317,0.07333623934837397,0.09672065621556325,1.3188657759788411
-0.02857142857142858,60,32,1.3245822175889035,0.5645995280286544,1.194123603354818,1.4777807499017368,1.1680595449372364,1.5081581783569038,-0.3245822175889035,0.5645995280286544,-0.5081581783569038,-0.1680595449372364,-0.4777807499017368,-0.19412360335481793,0.14182857327345944,0.1700493167098337,1.1989778419469954
-2.7755575615628914e-17,162,70,0.8410496047909266,0.7142006805253196,0.7310126490525853,0.9530076114303498,0.7322571365732704,0.97102815499977,0.1589503952090734,0.7142006805253196,0.02897184500022998,0.2677428634267296,0.046992388569650156,0.26898735094741466,0.11099748118888225,0.11938550921324981,1.0755695348626317
0.028571428571428525,284,75,0.5835123159972216,0.5076179705432706,0.523961006330363,0.6444510466275782,0.5033978497457505,0.65633172515769,0.41648768400277836,0.5076179705432706,0.34366827484231,0.4966021502542495,0.35554895337242176,0.476038993669637,0.06024502014860761,0.07646693770596974,1.2692657005898114
0.057142857142857106,302,83,0.7662751788485858,0.5344315090780004,0.7060841252870623,0.825628831258136,0.687944987001644,0.837081810573057,0.23372482115141424,0.5344315090780004,0.16291818942694303,0.31205501299835603,0.17437116874186398,0.2939158747129377,0.05977235298553685,0.0745684117857065,1.2475401763713379
0.08571428571428569,285,83,0.8090383711103367,0.5317129764401347,0.7483155539894252,0.873656040237556,0.7268977918320088,0.8889108459853935,0.19096162888966328,0.5317129764401347,0.1110891540146065,0.27310220816799124,0.12634395976244395,0.2516844460105748,0.06267024312406544,0.08100652707669237,1.2925835777647683
0.11428571428571427,271,82,0.787373771519888,0.4683062710302678,0.7325568921334968,0.8459927402037384,0.7213194251936835,0.8469073281713352,0.21262622848011203,0.4683062710302678,0.15309267182866482,0.2786805748063165,0.15400725979626162,0.26744310786650316,0.05671792403512077,0.06279395148882583,1.1071271129377491
0.14285714285714285,288,85,0.8308476121839894,0.4510364422252835,0.7785071219239237,0.8821749124037147,0.7572142569575966,0.9055667417740703,0.1691523878160106,0.4510364422252835,0.09443325822592974,0.2427857430424034,0.1178250875962853,0.22149287807607632,0.05183389523989551,0.07417624240823684,1.4310373948347388
0.17142857142857143,222,72,0.825535135481572,0.38172859331591596,0.7752830258590147,0.8748199425304752,0.7663471980776001,0.8848832991653995,0.17446486451842802,0.38172859331591596,0.11511670083460046,0.2336528019223999,0.12518005746952476,0.22471697414098535,0.04976845833573029,0.05926805054389972,1.1908757579768023
0.2,279,73,0.8939515783818134,0.4279096435197796,0.8444795081925306,0.9444683845051466,0.8419267868600765,0.9436009935264417,0.10604842161818662,0.4279096435197796,0.05639900647355833,0.1580732131399235,0.055531615494853415,0.1555204918074694,0.049994438156307996,0.05083710333318259,1.0168551784548512
0.2285714285714286,284,76,0.9059558948574088,0.3702988267655169,0.8624116551220358,0.9472495050646653,0.8537083264164054,0.9551476978211935,0.0940441051425912,0.3702988267655169,0.044852302178806536,0.14629167358359463,0.05275049493533468,0.13758834487796423,0.042418924971314775,0.050719685702394046,1.1956853158511809
0.2571428571428571,256,83,0.9343349404307958,0.3662783207629986,0.8918884775367922,0.9793109015696069,0.8869095905975133,0.9814512715154633,0.06566505956920421,0.3662783207629986,0.018548728484536703,0.11309040940248671,0.020689098430393127,0.10811152246320777,0.04371121201640732,0.047270840458975005,1.0814351347940558
0.28571428571428564,238,74,0.9380336685767036,0.38576428090948733,0.8888581959446668,0.9863026565148992,0.8848815274713678,0.9905541630738965,0.06196633142329644,0.38576428090948733,0.009445836926103457,0.11511847252863217,0.013697343485100766,0.11114180405533325,0.04872223028511624,0.052836317801264354,1.0844396385812596
0.3142857142857142,225,79,0.9618668923347073,0.4966881423499738,0.9015691038102434,1.0308453759889595,0.8963592866033477,1.0299230927799856,0.038133107665292654,0.4966881423499738,-0.029923092779985616,0.10364071339665226,-0.030845375988959534,0.09843089618975664,0.06463813608935809,0.06678190308831894,1.033165668576786
0.3428571428571428,276,73,0.9857421246571382,0.37309946702607755,0.9440165921178711,1.0326573801172796,0.9231083255479557,1.045842612320708,0.014257875342861825,0.37309946702607755,-0.045842612320708076,0.07689167445204426,-0.03265738011727959,0.055983407882128855,0.04432039399970422,0.061367143386376166,1.3846254026258364
0.3714285714285714,284,79,0.9842986677975042,0.3874100108852298,0.9406598848801545,1.0293459088841685,0.9331443287240949,1.0371073370104091,0.01570133220249581,0.3874100108852298,-0.037107337010409136,0.06685567127590508,-0.029345908884168548,0.059340115119845493,0.04434301200200702,0.05198150414315711,1.172259208301059
0.39999999999999997,230,69,1.0274145558836376,0.4003351679719569,0.9757865124234565,1.0812432093400526,0.9657845662706197,1.0855305364401036,-0.027414555883637615,0.4003351679719569,-0.08553053644010356,0.034215433729380296,-0.08124320934005258,0.024213487576543513,0.05272834845829805,0.059872985084741925,1.1354989647000693
0.42857142857142855,239,69,1.0187164473205128,0.3605171215359369,0.9706387088408213,1.0665571952980912,0.9656184665874963,1.0714498578517058,-0.018716447320512808,0.3605171215359369,-0.07144985785170577,0.03438153341250372,-0.06655719529809123,0.029361291159178737,0.047959243228634985,0.05291569563210474,1.1033471770987082
0.45714285714285713,259,77,1.049903242652115,0.39764452635715186,1.0024016288861286,1.1000064387502633,0.9904056201469952,1.1125665254145893,-0.0499032426521151,0.39764452635715186,-0.11256652541458934,0.00959437985300482,-0.10000643875026327,-0.002401628886128604,0.048802404932067334,0.06108045263379708,1.2515869395948973
0.4857142857142857,190,67,1.1111203009564388,0.4699664217054332,1.048799502115093,1.1818210604870034,1.0233674679835076,1.1943220458597017,-0.11112030095643877,0.4699664217054332,-0.1943220458597017,-0.02336746798350764,-0.18182106048700342,-0.048799502115093096,0.06651077918595516,0.08547728893809703,1.2851644497971384
