date,led_period_ms,index,habituation_s,unc_n,unc_mean,unc_var,unc_std,unc_cv,unc_rate,unc_qf,cen_n,cen_mean,cen_var,cen_std,cen_cv,cen_rate,cen_qf,ent_unc_n,ent_unc_mean,ent_unc_var,ent_unc_std,ent_unc_cv,ent_unc_rate,ent_unc_qf,ent_cen_n,ent_cen_mean,ent_cen_var,ent_cen_std,ent_cen_cv,ent_cen_rate,ent_cen_qf
05212021,770,2,86.39319659829916,104,0.6609073767653056,0.029646994989430946,0.17218302758817708,0.26052520162643134,1.5130713245997092,2.344880150237571,104,0.6609073767653056,0.029646994989430946,0.17218302758817708,0.26052520162643134,1.5130713245997092,2.344880150237571,35,8.43945782415017,691.1732843378891,26.29017467301975,3.1151497194272784,0.118491024048775,0.016400696154278156,26,0.772822308590192,0.10548195130731378,0.3247798505254194,0.42025165023754757,1.2939585062240673,0.9011586933791617
05212021,770,4,41.837585459396365,26,1.5020330678159592,2.1493026114396345,1.4660500030488846,0.9760437599290699,0.6657643040136635,0.167063491324443,20,0.9438052359513088,0.08653095376547178,0.2941614416701682,0.3116760010063603,1.059540636042403,1.6383753518363444,234,1.8799285682727405,40.87349453306287,6.393238188356732,3.4007878258006237,0.5319351048102801,0.013761350521721139,210,0.8498693791340113,0.05978700047832474,0.24451380426946193,0.2877075116162126,1.1766514061478093,1.9227274650616284
05212021,770,6,0.4502251125562782,0,,,,,,,0,,,,,,,317,1.5161629184729062,20.60469956858117,4.539239976976451,2.9938998782191675,0.6595597266072234,0.017756018401290364,280,0.8071893089401843,0.05021904930047783,0.22409607158644668,0.2776251730596856,1.2388667552014168,2.0649162742026523
05222021,700,10,71.8359179589795,92,0.6485126621281657,0.00817335153859838,0.09040659012814486,0.13940605235288034,1.5419899385131355,8.189490307860584,92,0.6485126621281657,0.00817335153859838,0.09040659012814486,0.13940605235288034,1.5419899385131355,8.189490307860584,199,1.7021911290653702,18.521284209398818,4.303636161363879,2.5282919690263546,0.5874780939253716,0.02489806986956449,175,0.7407513280449741,0.029088322064397022,0.1705529890221717,0.23024324434530977,1.3499807049138166,3.0022464442151984
05222021,700,8,68.96781724195431,65,0.9674067803132336,1.6758811245474292,1.2945582739094557,1.338173662055888,1.0336913285600635,0.08887818474550235,62,0.7159493725357301,0.004493298803365139,0.06703207294545753,0.09362683384726653,1.3967468069120965,18.1559700310442,184,1.7914754478688621,9.368429866434303,3.060789092118943,1.7085297461151674,0.5581991096721974,0.05452240981425808,139,0.8330304240849431,0.06801836570732049,0.26080330846697575,0.3130777711431845,1.2004363479262687,1.6237369174779703
05232021,700,13,99.58312489578122,40,2.390778722694681,45.59714824896188,6.7525660492113575,2.8244211750389194,0.41827375762859625,0.019950841301465592,35,0.5874365754305726,0.022458493962438947,0.1498615826769454,0.25511108593655674,1.702311435523114,2.445465097370422,156,2.0129722981148697,20.304929942856578,4.506099193632624,2.2385301565513567,0.4967778249787595,0.03176100475755459,125,0.8086710021677512,0.09871259472661299,0.3141856055369389,0.38852092469585553,1.2365968327284713,1.0543657848873973
05232021,700,17,71.03551775887944,22,2.5436960904694774,17.70263808736771,4.207450307177461,1.6540695733824526,0.3931287246722288,0.05817181119704468,13,0.6426290068110979,0.05712263542028845,0.2390034213568677,0.37191508447909705,1.5561077844311375,1.1506216599430337,32,10.084729864932466,253.5307923984998,15.922650294423343,1.5788871400304951,0.09915982018291737,0.06384368655934139,15,0.7025735089767049,0.13759258464152185,0.3709347444517996,0.5279657426766123,1.4233386075949481,0.570963891254158
05232021,700,19,58.962814740703685,17,0.8033428478945355,1.8062584212357156,1.343971138542683,1.6729733040694503,1.2447985347985349,0.05686461587968312,16,0.47940636985159246,0.023857184553590746,0.15445771121439922,0.3221853544879138,2.0859130434782607,1.5332343548880534,74,3.3764630062779135,134.77945080345404,11.609455232845942,3.4383481208768734,0.29616791243993595,0.013462336469610809,61,0.6462247517201225,0.219744279507373,0.46876889776026415,0.7253960739084878,1.5474492385786798,0.3024612413501772
05242021,770,28,73.85359346339837,52,1.3051397493618604,8.336821833320839,2.8873555086481537,2.212296047269963,0.7662014742014742,0.03251873514752671,47,0.5900113177155956,0.05329667938769803,0.23086073591604536,0.3912818771170211,1.694882742032471,1.0395387075937346,50,4.992496248124062,43.30370103837843,6.58055476676385,1.31808907602815,0.2003006012024048,0.09160741118128592,23,0.9120502280125556,0.14257776390250804,0.3775947085202705,0.4140064844269436,1.0964308426073148,0.9285511771780598
05242021,850,26,179.0228447557112,128,1.3939261297315324,33.791983174286116,5.813087232640339,4.170297915112567,0.7173981308411215,0.00915136694576398,113,0.6364539201754271,0.0653972392970666,0.2557288393925617,0.40180259919221584,1.5712056573150934,0.9858132431336484,80,2.4295481073870273,84.02347785876849,9.166432122629201,3.772895912107571,0.41159917638984206,0.011180738337914031,74,0.6480717836395682,0.1335530350526133,0.36544908681321575,0.5639021726279384,1.5430389429763545,0.5005098121232592
05252021,600,31,63.34834083708521,60,1.0316269245733978,0.9941244471652692,0.9970578955934651,0.9664907650658422,0.9693426724137931,0.17038239330583313,52,0.752299226536345,0.1115347513791712,0.33396818917251864,0.443929991407992,1.3292583120204606,0.8075904203998152,3,1.8564837974542836,1.627275016345751,1.2756469011234068,0.687130640662012,0.5386526946107781,0.3370866099287914,0,,,,,,
05252021,600,33,68.36751709187928,70,0.9185545153529144,0.6266066662556745,0.7915849077993304,0.8617723766729278,1.088667012448133,0.21430632726691654,64,0.7071243955310988,0.11832569249555235,0.3439850178358824,0.4864561596372674,1.4141783345615329,0.6725626069652515,95,3.0488928674863747,65.50911162198875,8.093769926430374,2.654658683728429,0.32798791018998275,0.022584098033536684,78,0.670420680425683,0.14911992661747855,0.38616049334114766,0.5759972873986455,1.4916007653061223,0.47971053404662617
05252021,700,35,81.00717025179256,25,3.1208937802234447,50.10914013136485,7.078780977778932,2.268190292997449,0.3204210301346442,0.03093578613089418,16,0.6920126730031685,0.024357684928841158,0.15606948750105243,0.22552981121537616,1.4450602409638549,3.129047953653134,31,8.404202101050526,194.2550768834846,13.937541995756806,1.6584015743760627,0.11898809523809523,0.057868300616870545,18,0.640134882255942,0.19150318370297192,0.4376107673526463,0.6836227480846429,1.5621707670043437,0.34055488954522967
05252021,700,37,19.409704852426213,6,1.6202545717303096,0.25485664478247333,0.5048332841468294,0.31157652195833985,0.6171869639794167,1.639421708203355,4,1.3298315824578957,0.08719365333640487,0.2952857147516704,0.22204745220887367,0.751974921630094,3.2279629611960474,99,3.705388047559133,64.59424517556704,8.037054508684575,2.1690183067273776,0.26987726714850674,0.03382935337357817,53,0.943868160495343,0.20258864507741825,0.4500984837537428,0.4768658405825774,1.059469999999999,0.6998866414620724
05262021,600,40,69.81824245456062,88,0.7863780375036001,0.34382960804167634,0.5863698560138271,0.7456589935742485,1.271653012048193,0.2862461215161767,81,0.6427081853684043,0.03744055190507299,0.19349561210806046,0.30106293417929253,1.5559160794362588,1.7559233404201278,194,1.8236781621051075,10.577795956723524,3.2523523727793586,1.7834025983099477,0.5483423669698827,0.050040465557081165,156,0.7210870392461184,0.10921087459292002,0.3304706864351512,0.4582951411533502,1.386795137859473,0.7577564223096203
05262021,600,42,153.69351342337836,73,1.7919918863541358,8.86780912760573,2.977886688174305,1.661774649121269,0.5580382409177821,0.05763361656906848,51,0.5751241633888841,0.13961038157920147,0.37364472641695545,0.6496766267222658,1.7387549744172823,0.3770731826498774,142,1.577784197262951,8.54194300844612,2.922660262234754,1.852382770283044,0.6338002381661207,0.04638298196674608,113,0.5127932697912378,0.1146410557161427,0.3385868510679981,0.6602794362060161,1.950103597122302,0.3650602846325001
05272021,500,45,67.11689177922294,68,0.9698476689325055,0.27509766814843784,0.5244975387439276,0.5408040412379739,1.0310897597977244,0.544177116533483,62,0.8450461790034803,0.12053739426855711,0.34718495685809475,0.4108473187435889,1.183367281985996,0.9428860655436412,123,2.9387322387481007,23.0029474758866,4.796138809072001,1.6320434865869764,0.3402827882087004,0.05975258227162912,73,0.7791567016384906,0.20605677898371177,0.45393477393091597,0.5825975352279399,1.2834388742304308,0.4689028212357698
05272021,500,47,74.12039353009838,42,1.5932569459332844,5.112132567012903,2.2610025579403716,1.4191072969814928,0.6276451532519312,0.07902957843209993,29,0.7929251982312997,0.14984397728805118,0.38709685776049796,0.48818836710443414,1.2611530094271208,0.667798253002641,222,1.6791428747406736,5.098917123640318,2.258078192543455,1.344780260519637,0.595541936926862,0.08800705338039838,154,0.7034902732751647,0.20342330520362184,0.4510247279292144,0.6411243268928605,1.421483761736188,0.3872002414137354
05272021,500,49,69.83491745872936,121,0.5612999337134134,0.43036337485349246,0.656020864647987,1.1687527919483702,1.7815786889270802,0.11651311382256148,118,0.4909234278156028,0.05285218547233726,0.22989603187601404,0.4682930551897922,2.036977547495682,0.7257460774311021,110,2.5505176830839664,9.96251551093525,3.156345277521971,1.2375312268784062,0.39207726597325404,0.10392207241860818,59,0.6884798331369081,0.17796576463965025,0.4218598874503835,0.6127410958840596,1.4524753694581267,0.4239026325861886
05272021,500,51,140.97048524262132,76,1.812309663603732,10.304644368402245,3.2100847914661452,1.771267270673254,0.5517820823244551,0.050728490091235,59,0.5581886988692086,0.03333175188833144,0.18256985481818033,0.3270755126143444,1.7915088607594936,1.4877298272639132,171,1.6854431114192578,7.358480843340629,2.7126519945139718,1.6094592431718056,0.5933157833834759,0.061441267286169436,129,0.6474813634207295,0.14115294070371537,0.3757032615026324,0.5802533983646146,1.5444459972050284,0.4726990683155112
05282021,770,56,85.17592129398032,87,0.9499002374750594,5.694513815483295,2.3863180457523456,2.512177544133945,1.0527421307506053,0.02521851289673017,81,0.5251596991911596,0.07020298721973764,0.2649584631970408,0.5045293148067617,1.904182673461387,0.6252408159333799,6,14.829637040742591,993.7247726377407,31.52340039776389,2.125702760705286,0.06743253373313345,0.035222084813004165,4,0.5752876438219161,0.08388015548173582,0.2896207096906846,0.5034363466710203,1.7382608695652018,0.6279585779507384
05282021,850,54,76.10471902617975,38,1.9356169312726539,33.283190509034945,5.769158561613205,2.980527018752634,0.5166311493992292,0.017915709236522262,34,0.6571913407684232,0.14764116733884577,0.3842410276621248,0.5846714705839697,1.5216268656716423,0.465582155126359,6,5.233172141626369,90.40242612181166,9.508019042987433,1.8168748869079863,0.19108868826340944,0.048213658505675515,4,0.9421377355344305,0.01955658873662646,0.13984487383034983,0.14843357670099308,1.0614159292035437,7.223635550972981
05292021,1000,59,82.17442054360514,102,0.7927166197477825,1.1551409443958345,1.0747748342773171,1.3558121622570203,1.2614848422355123,0.08658069762389742,93,0.5063463631457307,0.0604214265279141,0.24580770233642824,0.48545367406081824,1.9749327195467419,0.6753432244050557,457,0.8409018513633184,0.8753207273423673,0.9355857669622638,1.1125980581983954,1.1891994272324915,0.1285711523429872,437,0.6970304374155042,0.1002503779873264,0.31662340088396246,0.45424616184331884,1.4346575792412546,0.7713253391558041
05292021,1000,61,67.73386693346673,103,0.5998144703419671,0.584333949907158,0.7644173924677264,1.2744230595702628,1.6671821862348177,0.09799251172363606,100,0.4829081207270302,0.03186642636098901,0.178511698106844,0.36965975605895834,2.0707872928176796,1.1647045886158922,133,2.0773544667070376,12.834962269211795,3.5825915576872274,1.724593282034456,0.4813814955640051,0.05351145399051402,103,0.6956552710011965,0.1611274132519226,0.4014067927326624,0.5770196956244611,1.4374936001861762,0.4780120635014597
05292021,1000,63,69.16791729197932,84,0.7648665602642591,0.9129259491360209,0.9554715846826743,1.2492003629398594,1.3074175966779134,0.10198960931593817,80,0.5932132733033184,0.11797149333660979,0.3434697851872997,0.5789988198926875,1.6857343640196765,0.47474978259617184,196,2.2085872868406997,6.7240022212148505,2.5930681096367003,1.1740845041927166,0.45277812018489977,0.11545730587238787,103,0.7113589157038065,0.20092284100931113,0.44824417565575925,0.6301237894969997,1.4057601274465181,0.40083753189517757
05292021,1000,65,68.45089211272303,53,1.0668856440799017,0.7477934458782621,0.8647505107707437,0.8105372075903389,0.9373075788852845,0.24225582027247236,46,0.8047502011875503,0.22138719336024956,0.4705180053518139,0.5846758468124418,1.2426216216216217,0.4655751854994477,448,0.9953637533052241,3.948798352459997,1.9871583611931882,1.996414230068748,1.004657841597487,0.03993179363969303,408,0.5485177229137445,0.05543384486850841,0.23544393147522066,0.4292366894264321,1.8230951493927428,0.8638263715531312
20210521,770,1,180.040020010005,79,1.0880967910115396,2.3173985025890778,1.5223003982752805,1.3990486975520693,0.9190358874878758,0.08131196728181006,71,0.7210177858882493,0.015082259351742126,0.1228098503856353,0.17032846177898534,1.386928338762215,5.485872161412869,39,2.3045710889632844,6.863443298888065,2.6198174170899895,1.136791756885451,0.43392022263450847,0.12315677279216207,25,0.9117892279473051,0.11601227957279799,0.34060575387506004,0.3735575541310789,1.0967446964155108,1.1405257245997162
20210521,770,3,121.72753043188261,36,3.0793174364960256,40.916334677021915,6.396587736990865,2.077274548306907,0.3247472924187726,0.03688351746895211,28,1.0904261654636838,0.2600200226249088,0.509921584780355,0.46763513287808917,0.9170726379027857,0.727789638289411,139,2.2725991293008616,40.83824044878049,6.3904804552381265,2.8119699479089753,0.4400248099662162,0.02012791462621904,113,0.9249462489356768,0.16529953795741922,0.40657045878595166,0.4395611736939166,1.081143905552011,0.8237235508478858
20210521,770,5,95.28097382024346,0,,,,,,,0,,,,,,,184,1.5925535231383807,6.877233733254835,2.622448042050564,1.646693818417237,0.6279223809252831,0.05869409643358865,152,0.7973284888058068,0.0849982258822562,0.29154455213955927,0.36565174358214403,1.2541882223445233,1.1903778422860838
20210522,700,11,75.8545939636485,31,2.2183134578041708,66.04451844937469,8.126777863912283,3.663493919365521,0.4507929194956353,0.011858484262519129,30,0.7609360235673392,0.209068850555245,0.4572404734439472,0.6008921371607052,1.314170927684441,0.4407852865173666,38,10.245473613999984,214.73330772618525,14.653781345652229,1.430268809206486,0.09760407743703957,0.07780093136836902,12,0.915735645600576,0.15598717713657223,0.3949521200558015,0.4312949069453075,1.0920182094081967,0.8556013718583557
20210522,700,7,70.03501750875438,75,0.8699905508309712,1.4410305601924425,1.2004293232808179,1.379818806232123,1.1494377715307946,0.08359417420666652,69,0.6005418168021209,0.03859653421860782,0.19646000666448074,0.32713792972923733,1.665162977867203,1.4871621710161436,12,21.717803346117506,1631.5797303370882,40.39281780635127,1.8598942610635756,0.046045172435856416,0.046009087813320124,0,,,,,,
20210522,700,9,67.76721694180424,59,1.0883973059976317,2.073047917667897,1.4398082919846993,1.3228701357956432,0.9187821345105166,0.09094644071848386,56,0.8572738750327547,0.061382344632524066,0.24775460567368685,0.2890028646495505,1.1664883640152828,1.9055302015229005,33,5.272333136265101,398.6281023089197,19.965673099320234,3.786876243078948,0.18966935020126513,0.011098336970529983,20,0.779556444889112,0.047851201812111,0.21874917556898585,0.28060723120581965,1.2827807486631002,2.021261084460388
20210523,700,18,68.60096715024179,41,1.4348637733500897,6.490641118729454,2.5476736680213685,1.7755509026986678,0.6969302721088435,0.05048401379196433,36,0.8657106330943248,0.13523639306015245,0.36774501092489675,0.4247897586869867,1.155120385232745,0.8820070492902459,25,11.51509087877272,358.7348738938794,18.940297618936178,1.6448239808381642,0.08684256255792401,0.05882761930232414,12,1.089433605691731,0.27448316875671797,0.5239114130811792,0.4809025628950779,0.9179081632653092,0.6881861823837641
20210523,850,12,107.47040186760047,188,0.5446872372356392,0.17668271147286913,0.42033642653577996,0.7717023601820445,1.8359159745969709,0.26725169888048017,185,0.5033147204232747,0.06493773453051835,0.2548288337895034,0.5063011738961238,1.9868284383954153,0.6208722694020226,92,2.6212381553095385,43.14519325390574,6.568500076418188,2.505876874679677,0.3814991010925184,0.02534548902474344,76,0.636941277656372,0.14676910082960992,0.3831045560021571,0.6014754726083884,1.5700034447123667,0.43993071801487793
20210523,850,14,78.93946973486743,40,1.604969151242288,4.588158949231431,2.1419988210154157,1.3346043563251373,0.623064935064935,0.08935421739428208,32,0.8598049024512256,0.09347943276541616,0.30574406415401784,0.3555970235600766,1.1630545454545453,1.2586468618439133,10,34.41220610305153,1314.946287303819,36.26218812073837,1.0537594716289576,0.029059456316325043,0.14333001591767752,0,,,,,,
20210523,850,16,98.59929964982491,65,1.4222495863316273,9.499121078563258,3.082064418302002,2.1670348495241916,0.7031114718614718,0.033891308798127906,57,0.6143422588487224,0.10875743534205674,0.32978392220066877,0.5368081349615831,1.6277571428571433,0.5523087890671688,18,14.942656513441907,645.7931771173489,25.412461059829464,1.7006655434372915,0.066922504649721,0.05502781977257696,8,0.9567283641820907,0.14323347544485246,0.37846198678976,0.3955793524667872,1.0452287581699349,1.0170748169602006
20210523,850,20,88.29414707353676,174,0.5028376257094065,0.09082749448707966,0.3013760018433446,0.5993505386916134,1.9887135506003428,0.4430557034868145,173,0.48376789550844784,0.027711776034480454,0.16646854367861952,0.344108290823347,2.0671069934249853,1.3440946692838516,205,1.779344957031361,8.883961314158775,2.9805974760371075,1.6751094071213164,0.5620045714285715,0.05671968059312876,173,0.8857993543978162,0.11710747042070452,0.34220968779493155,0.3863286714942036,1.128923830250271,1.0663659037283706
20210524,700,25,64.28214107053527,118,0.5401005587539532,0.03842889363734013,0.1960328891725573,0.36295627915071554,1.8515070643642073,1.2081239764460414,117,0.5276142344676612,0.02020440212143052,0.14214218980102467,0.26940552493705877,1.89532414910859,2.192840964975935,42,7.418391735550316,175.2072800416493,13.23658868597379,1.784293571683683,0.13480010703773077,0.04999050338537619,25,0.7183591795897946,0.11425589399669094,0.33801759421173766,0.47054120531285787,1.392061281337048,0.718827710148255
20210524,770,23,62.014340503585125,92,0.5925063981265996,0.1235450714926517,0.3514897886036687,0.5932253047646696,1.6877454879167941,0.452252311646526,89,0.5311644586338112,0.008869666450282103,0.09417890661014336,0.17730649157584358,1.882656084656085,5.062567874792751,6,38.00511366794508,2964.5046987577707,54.44726530100268,1.4326299817628363,0.026312248628884826,0.07754468929099803,0,,,,,,
20210524,850,27,67.15024178756045,44,1.4086588748919917,5.721553309437438,2.391976862228696,1.6980525980160384,0.7098950766747376,0.055197302528371614,35,0.6836751709187924,0.11110781206125213,0.3333283847218117,0.48755373736017216,1.4626829268292691,0.669537878512746,41,5.838691703575366,133.075828128277,11.535849692514072,1.9757593444178614,0.17127124547227637,0.040771063721463316,25,0.5869601467400366,0.05924904905160605,0.24341127552273756,0.41469813048575493,1.703693181818182,0.9254564287301164
20210525,500,36,69.40136735034184,12,5.351286754488355,114.30530998281357,10.691366142023833,1.9979056687733137,0.1868709426123085,0.03987219763947635,7,1.012410967388456,0.16643623589667866,0.40796597394473805,0.40296479106414496,0.9877411764705883,0.9801350697570284,45,7.268819594982676,398.9935000929074,19.974821653594493,2.748014501196614,0.13757391924959217,0.021075704043042365,27,0.5947418153521211,0.19827514865679033,0.44528097720067755,0.7486962673661104,1.6814018691588768,0.2839283742654772
20210525,500,38,125.24595631148908,37,2.9888818283015377,106.33585256189205,10.31192768408953,3.450095479334955,0.33457328106151996,0.013370815725898684,33,0.5927206027256053,0.10856497722992527,0.329491998734302,0.5558976644630613,1.6871355498721226,0.5150275165132228,77,3.7076980048465793,78.27006896807185,8.847037298896838,2.3861267253514944,0.26970912913965306,0.027953302329399007,58,0.7475001868750478,0.1445025359135355,0.380134891733889,0.5085415340470442,1.3377923076923057,0.6154138615852999
20210525,600,30,67.90061697515425,30,2.227224723472847,43.49631462317545,6.595173585522632,2.961162165638575,0.44898926877963574,0.018150799021421075,26,0.591962647990662,0.07060948071723602,0.2657244450878316,0.4488871823075285,1.6892957746478874,0.7898520005968372,86,3.517068611825292,47.761306327545235,6.91095552926983,1.9649760331753026,0.2843276917139865,0.04121977495307873,54,0.7096140662924055,0.11519553011348177,0.33940467014094217,0.4782947326766859,1.4092167101827675,0.695711104533802
20210525,600,32,68.38419209604803,62,1.0591317163958325,0.7261607874027965,0.8521506835077917,0.8045747949156069,0.944169629253428,0.24585966482105814,55,0.8425424833628938,0.15182724757733476,0.3896501604995624,0.4624694519192988,1.1868837711406977,0.7441389370930321,143,2.4111123160647923,37.17316636823405,6.096980102332141,2.5287001612115283,0.41474633650916476,0.024890032240262313,116,0.679506419876605,0.07064006685127938,0.26578199120948615,0.3911397794560217,1.4716564417177913,1.040294155434104
20210525,600,34,68.11739202934801,11,3.197053071990541,66.80957570159049,8.17371247974814,2.556639597683952,0.3127880512091038,0.0243489988690847,10,0.7337001834250461,0.06710412438539054,0.2590446378240448,0.35306606659790823,1.362954545454545,1.2767567810466014,131,1.9763062192673946,26.55788608056222,5.153434396648726,2.607609259337895,0.5059944609042896,0.023406425873419425,109,0.6847460427461429,0.10457613038428223,0.32338232849721743,0.4722660786768585,1.4603954423592511,0.7135865014896756
20210526,600,39,69.21794230448558,81,0.8493958913613185,1.518576152612828,1.2323052189343466,1.4508019540326984,1.177307319437712,0.0756142881476622,74,0.6084123142652406,0.07724802965557202,0.277935297606425,0.45682063148586705,1.6436222222222228,0.7626560363596052,195,1.6783605477952652,6.079781421813634,2.465721278209205,1.4691249037331315,0.5958195343149743,0.0737399247762697,153,0.7799106524940032,0.17277688841651304,0.4156643939724848,0.5329641192145159,1.2821981553940747,0.5603045996671889
20210526,600,41,67.23361680840421,63,1.0118816021767498,3.4789155493762713,1.8651851246930615,1.8432839580052582,0.9882579126340569,0.04684202318568755,59,0.5889950625030029,0.032776452913648106,0.18104268257416015,0.307375552190197,1.6978071017274472,1.6845406199828146,259,1.2146356318442362,3.354542883460171,1.8315411225140896,1.5078934575080578,0.8232921658009117,0.0699969018254082,221,0.6355364711013128,0.062138097241632904,0.249275143649809,0.39222791292818077,1.5734738216787356,1.0345301153702084
20210526,600,43,68.88444222111056,44,1.5367532250973972,2.888623601469058,1.6995951286906708,1.1059649011525274,0.6507225647348952,0.1301180190241426,31,0.70411549860952,0.2635544084720797,0.5133755043553205,0.7291069510174526,1.4202215431627192,0.29939025098409605,361,0.8432193936303333,2.3831731539483316,1.5437529445958416,1.830784439088247,1.1859309778142972,0.0474838262035935,331,0.4713333504617363,0.051179621565386725,0.2262291350940164,0.47997693113036377,2.121640658401027,0.6908430651654187
20210527,500,46,69.96831749207938,35,1.5531575311465258,9.816123192971698,3.133069292717877,2.0172257030522047,0.6438496932515337,0.03911210095317702,29,0.5899501474875369,0.0641397942573931,0.2532583547632597,0.42928772175382823,1.6950584795321635,0.8636210060243877,169,1.8965103853702001,5.941695861481636,2.437559406759482,1.2852866114327492,0.527284220383955,0.09634299974524858,114,0.7778743172755967,0.28356265821858767,0.5325060170726597,0.6845656235800308,1.2855547198194812,0.339617419951166
20210527,500,48,75.9212939803235,74,1.0142458616695738,0.8253636512837974,0.9084952676177226,0.8957347542165244,0.9859542323928013,0.19836328032632367,69,0.8243252060813016,0.16709089111896472,0.40876752698687396,0.49588138755344335,1.21311345646438,0.6472387584303967,137,3.1523060800473233,26.75066500925942,5.172104504866411,1.6407367728671722,0.3172280783041816,0.05912107306911842,84,0.6600522483463964,0.10207801188550979,0.31949649745421277,0.48404728300620914,1.515031578947366,0.6792733217816167
20210527,500,50,70.83541770885442,137,0.5093787769797308,0.13168381921083702,0.3628826521216425,0.7124023781934722,1.9631756272401433,0.31359520279497094,134,0.47312213320590646,0.02356019441209552,0.1534933041278854,0.3244263866663873,2.113619147816938,1.5121253441187543,243,1.3526653587424713,4.769586506017851,2.1839383017882743,1.6145444160842637,0.7392811485389611,0.0610548456616429,203,0.6496680195598622,0.19223796098106344,0.4384494964999543,0.6748823757663115,1.5392476925022123,0.3494330330370868
20210527,500,52,67.1002167750542,63,1.0280272411337943,1.1254276438690247,1.0608617458788043,1.0319393333476237,0.9727368692070032,0.1494554646213446,51,0.5914722066915811,0.11742131352682547,0.34266793478063495,0.5793474839627024,1.6906965174129354,0.4741785248043819,95,3.681665394100559,14.992517698273577,3.8720172647179116,1.0517026536203886,0.27161620977353995,0.14389118599970657,30,0.9254627313656864,0.26146350541923213,0.5113350226800744,0.552518221804035,1.0805405405405364,0.5213470503788425
20210527,850,44,84.42554610638653,35,1.9724147788179802,16.29280133317486,4.036434234962197,2.0464429076023922,0.5069927536231884,0.03800326110552286,28,0.4889349436623074,0.11989462950005178,0.3462580388959248,0.7081883661296968,2.0452618757612666,0.31733834726736543,158,1.8832200910581873,22.597661663856034,4.753699786887687,2.524240161550405,0.5310053799596502,0.024978064755280565,126,0.5789932003038556,0.11356081637678925,0.3369878579070606,0.582023860954169,1.727136,0.46982762886909785
20210528,770,57,67.65049191262298,28,2.0688915886514687,16.557436601180893,4.069083017238761,1.966793736104386,0.4833506044905008,0.041143619857138346,22,0.7988842906301638,0.141541217231639,0.3762196396144665,0.470931327636575,1.2517457305502844,0.7176372411140806,18,19.98406610712764,1410.239861884345,37.553160477972355,1.8791551367305783,0.050039866493602814,0.04507075785460787,3,0.6003001500750335,0.13040815332907352,0.36112069080720577,0.6015668841030076,1.6658333333333446,0.4397970282453852
20210528,850,53,68.7677171919293,21,1.9350945313926806,25.786293074013976,5.078020586214079,2.624171844751918,0.5167706196142798,0.0231118967427998,19,0.6336501584125396,0.03392280321139954,0.18418144100695796,0.29066739518913864,1.5781578947368422,1.8837683428253813,244,1.1766128966122407,12.03712107781132,3.4694554439870413,2.948680448749509,0.8498971946332112,0.018304788330556775,227,0.5496140140554862,0.05105232172654958,0.22594760836651842,0.4111023419859668,1.8194587008821161,0.9417166084315891
20210528,850,55,77.18859429714857,113,0.6810189755644785,1.4039560175865253,1.1848864998752098,1.7398729585957409,1.468387865655471,0.052575698961133295,111,0.534050809188378,0.053616529688482795,0.2315524339938641,0.4335775360883081,1.8724810126582279,0.8466162216144917,59,6.826294503183795,633.2495941390689,25.164451000152354,3.686399845247757,0.1464923611973668,0.011711573634199222,41,0.5197720811625323,0.024550967594079782,0.15668748384628486,0.3014542133464241,1.923920187793428,1.7513680195662527
20210529,1000,58,67.28364182091046,63,0.9388292029612688,5.102759502815048,2.258928839697047,2.406112669452442,1.065156470256555,0.027490852764457015,60,0.6053026513256629,0.013274099406116674,0.1152132779071782,0.19033995250946215,1.6520661157024792,4.392990037919056,162,2.0298214951096947,16.533102553444003,4.06609180337139,2.0031770346148847,0.4926541582150102,0.03966262615260519,127,0.6625359924056515,0.11387685022800693,0.33745644197141494,0.5093405427622416,1.5093519619500597,0.6134845615857238
20210529,1000,60,72.93646823411706,47,1.4152466304074023,4.250754728528692,2.0617358532384045,1.4568032235094597,0.7065906242165957,0.07499258846969085,34,0.581663380709963,0.18888858388501123,0.43461314278909147,0.7471901398685509,1.719207419898819,0.28507416916532224,407,0.7470156044443187,1.1078874949753987,1.0525623473103143,1.409023240007526,1.3386601217572536,0.08016481950273859,387,0.5694923258356138,0.06358833147869514,0.25216726884886376,0.4427930937943013,1.755949912990845,0.8117428172370731
20210529,1000,62,69.11789227947307,42,1.6190635000039704,8.871970152211295,2.978585260188349,1.8396963801487987,0.6176410004904365,0.0470248938624779,33,0.6296077331595091,0.31376907784096014,0.5601509420155965,0.8896824364031183,1.5882905296950238,0.20107130542173152,122,2.5235295243250033,10.38621286633946,3.222764786071031,1.277086221899092,0.396270378595028,0.0975842419367364,65,0.611587845204653,0.163002438183298,0.40373560430472066,0.6601432769966518,1.6350880872483238,0.3652108926825939
20220518,600,66,74.0,10,6.683333333333333,47.99759259259261,6.928029488432668,1.0366128910373071,0.14962593516209477,0.14811086592375303,3,1.2888888888888879,0.24148148148147977,0.4914076530554645,0.3812645584051021,0.7758620689655179,1.094881857998239,79,3.9822784810126586,20.200337192109334,4.494478522822123,1.128619845209624,0.25111252383979654,0.12494669319947807,29,0.6206896551724138,0.15027093596058894,0.3876479536391092,0.6245439253074537,1.6111111111111112,0.40803193476753263
20220518,600,69,87.66666666666667,22,3.95,31.57489417989417,5.61915422282519,1.422570689322833,0.2531645569620253,0.07864523584603256,7,1.0380952380952382,0.4638624338624327,0.6810744701296861,0.6560809115928169,0.9633027522935779,0.3697475687480286,104,3.1432692307692305,9.999004958094766,3.162120326315045,1.0059972894975977,0.3181401040073417,0.15726298346034057,41,0.8227642276422782,0.2655243902439043,0.515290588157696,0.6262919203892933,1.2154150197628433,0.4057574603236266
20220518,600,70,172.93333333333334,53,3.018867924528301,10.92758587324626,3.3056899239411823,1.095009787305517,0.3312500000000001,0.13273459520814138,23,0.6985507246376804,0.3320685111989461,0.5762538600295413,0.8249277249385558,1.4315352697095451,0.23387744008179942,47,4.916312056737589,39.51893103093844,6.286408436535002,1.278683770270391,0.20340450086555104,0.09734055672725744,14,0.8404761904761914,0.3150732600732551,0.5613138694823557,0.6678521959846718,1.1898016997167127,0.35682840195176146
20220518,700,71,16.933333333333334,12,1.0666666666666667,0.5690909090909094,0.7543811431172637,0.7072323216724347,0.9375,0.31819689012905716,10,0.8766666666666666,0.3511234567901234,0.5925567118766975,0.6759202036616321,1.140684410646388,0.3483607971889517,50,1.246,1.7455278911564627,1.3211842760025805,1.060340510435458,0.8025682182985554,0.14155637207581503,38,0.6728070175438594,0.17254385964912325,0.4153839906028195,0.6173895036339171,1.4863102998696225,0.4175434240253111
20220518,700,72,141.2,74,1.8527027027027025,3.599878440083919,1.8973345619800213,1.0240901355690852,0.5397520058351568,0.15175526446767884,49,0.824489795918368,0.340082199546486,0.5831656707544487,0.7073048976972268,1.212871287128712,0.3181315935910002,185,1.4232432432432434,3.2758758976367663,1.8099380922111028,1.2716997609534904,0.7026205848841625,0.09841265587775598,145,0.6905747126436778,0.2064460408684529,0.45436333574404186,0.6579495707345484,1.4480692410119849,0.3676502924878702
20220518,770,67,178.7,11,11.136363636363637,119.07410101010105,10.91210800029495,0.9798627592101588,0.08979591836734693,0.1657637745630688,0,,,,,,,28,7.305952380952381,52.59835831863607,7.2524725658658005,0.9926799666493844,0.1368746944761284,0.16151081802463227,7,1.2000000000000048,0.47407407407404795,0.6885303726590773,0.5737753105492288,0.8333333333333299,0.4834331396416627
20220518,770,68,103.83333333333333,93,1.097132616487455,0.9719482104825719,0.9858743380789318,0.8985917684548252,0.9114668409016662,0.19710391917770045,78,0.8025641025641027,0.24478410478410476,0.4947566116628506,0.6164698995160118,1.2460063897763576,0.41879007384521993,298,1.0380313199105144,1.1554361411781249,1.0749121550983247,1.0355295976917052,0.9633620689655173,0.14842091295649584,250,0.6754666666666667,0.23533501115573352,0.4851134003052622,0.718189992556152,1.4804579549940782,0.3085612840358429
20220518,770,73,0.7666666666666666,0,,,,,,,0,,,,,,,252,1.6472222222222224,3.337535413899959,1.826892283058845,1.1090745731891807,0.6070826306913996,0.12938938071035974,164,0.6774390243902432,0.22203048364839495,0.47120110743545046,0.695562390813807,1.4761476147614778,0.3289636778571225
20220519,500,76,93.33333333333333,21,2.8333333333333335,56.16622222222223,7.494412733645127,2.6450868471688684,0.3529411764705882,0.022747844964924428,18,0.5074074074074078,0.010791575889614982,0.10388251002750647,0.20473195406880823,1.970802919708028,3.797072316222594,39,7.484615384615386,188.7737921727396,13.739497522571181,1.8356985384730249,0.13360739979445013,0.047229941467612266,22,0.6181818181818166,0.06155844155844163,0.24810973692791993,0.4013539862069303,1.6176470588235334,0.9880182581508317
20220519,600,78,137.76666666666665,79,1.528270042194093,5.393335857766241,2.3223556699537307,1.5195977188819274,0.6543346217559359,0.06892279259255112,64,0.7494791666666669,0.15809496252204597,0.3976115724196744,0.5305171779331304,1.3342599027102149,0.5654851833180669,67,2.6686567164179102,14.165147494848984,3.763661447958488,1.4103205649508876,0.3747203579418345,0.08001740339202668,40,0.625,0.15092592592592535,0.3884918608232679,0.6215869773172287,1.6,0.41192326145333497
20220519,700,74,140.0,15,8.035555555555556,102.81959788359791,10.139999895640923,1.26189157993319,0.12444690265486726,0.09994844612734545,5,0.6,0.050555555555555506,0.22484562605386724,0.3747427100897787,1.6666666666666667,1.1333231112477833,26,6.653846153846155,111.11778461538465,10.541242081243778,1.5842329139441513,0.15028901734104044,0.06341355019907731,16,0.5250000000000021,0.0537037037037065,0.2317405957179417,0.4414106585103634,1.904761904761897,0.8168353049116873
20220519,700,75,60.0,9,4.296296296296297,30.486790123456796,5.521484413041188,1.285173096138897,0.23275862068965514,0.09636001984463999,5,0.6,0.050555555555555506,0.22484562605386724,0.3747427100897787,1.6666666666666667,1.1333231112477833,32,8.305208333333333,149.3070329301075,12.21912570236134,1.4712605887704613,0.12040637150382542,0.07352599809022534,16,0.5250000000000021,0.0537037037037065,0.2317405957179417,0.4414106585103634,1.904761904761897,0.8168353049116873
20220520,600,80,134.6,44,2.0075757575757573,15.208881841672536,3.8998566437335276,1.9425701017842478,0.49811320754716987,0.042176130391798315,36,0.8500000000000001,0.19793650793650833,0.4449005596046248,0.5234124230642645,1.176470588235294,0.58094106833884,25,4.534666666666667,116.75097037037035,10.805136295779445,2.382785128442982,0.22052337547780063,0.028031760235887125,15,0.848888888888888,0.23918518518518336,0.48906562462023784,0.5761244269086577,1.1780104712041897,0.47949883174856744
20220520,700,79,53.699999999999996,32,1.6541666666666666,5.474462365591396,2.3397569030972845,1.4144626114442023,0.6045340050377834,0.07954945108017089,22,0.5515151515151516,0.17669071669071648,0.42034594882158255,0.7621657313797924,1.8131868131868127,0.27398153564568606,123,1.8829268292682928,9.956618685858992,3.1554110169451763,1.6758011877558578,0.5310880829015544,0.056672861819915606,85,0.5858823529411774,0.11101525054466337,0.33318951145656334,0.5686969573053783,1.706827309236945,0.49210561715398216
20220521,500,81,50.13333333333333,45,1.0785185185185184,0.49031088664421946,0.70022202667741,0.6492443241857854,0.9271978021978022,0.37757550190821526,41,0.926829268292683,0.1199566395663956,0.34634757046411574,0.3736907997112828,1.0789473684210527,1.139712523320318,173,1.3913294797687863,8.040783558124605,2.8356275422072987,2.038070481104539,0.7187370170336518,0.0383161384633255,158,0.6875527426160336,0.11465653470934438,0.33860970852789257,0.4924854306297058,1.4544338754219088,0.6561956655616148
20220524,500,82,32.266666666666666,65,0.49128205128205127,0.002092948717948716,0.045748756463413476,0.09312116399129049,2.035490605427975,18.353687792583703,65,0.49128205128205127,0.002092948717948716,0.045748756463413476,0.09312116399129049,2.035490605427975,18.353687792583703,258,0.7993540051679587,1.3992602814560102,1.1829033271810552,1.4798241073834437,1.2510101826410214,0.07267749260821262,244,0.5702185792349727,0.03695120945677495,0.19222697380122009,0.33711103215738647,1.7537134643028272,1.4004712607829723
20220524,500,83,72.6,105,0.6815873015873015,0.3852132682132675,0.6206555149301967,0.9106031076060176,1.4671634839310668,0.1919384023278013,103,0.6058252427184466,0.06401802144806137,0.2530178283205778,0.41764160764454344,1.6506410256410255,0.9124574342747079,183,1.3296903460837886,5.051366387104096,2.2475245020030585,1.6902615775338072,0.752054794520548,0.05570732350034058,157,0.6528662420382162,0.11498639011377869,0.339096431880046,0.5193964859040707,1.5317073170731716,0.5899593896872456
20220525,600,84,64.76666666666667,28,2.077380952380952,26.354387125220462,5.133652415699807,2.471213770308217,0.48137535816618915,0.026061505556528353,24,0.750694444444444,0.08747534219001647,0.29576230691218325,0.39398494167765413,1.3320999074930628,1.0253234385340184,137,2.882360097323601,25.64515018963789,5.064104085584921,1.7569297085007407,0.3469379141518592,0.05155981597145365,96,0.8550347222222223,0.17455040813840017,0.41779230263182227,0.48862612449934945,1.1695431472081217,0.6666022356024711
20220525,700,85,46.6,3,6.7444444444444445,71.43675925925926,8.45202693200035,1.2531835648764935,0.14827018121911037,0.10134229857499923,0,,,,,,,39,7.972222222222221,104.73677387914228,10.234098586545972,1.2837196833298086,0.12543554006968644,0.09657833879846739,9,0.83703703703704,0.28963734567903554,0.5381796592951424,0.642958000042867,1.1946902654867213,0.3849948524086661
20220526,1000,88,37.61666666666667,2,10.408333333333331,77.91680555555556,8.827049651812068,0.848075226755363,0.09607686148919137,0.22128469501685352,0,,,,,,,68,4.687990196078431,31.565778155789683,5.618343008021999,1.198454513134823,0.2133110262979035,0.11080950663124169,32,0.7531250000000016,0.18640568996415804,0.43174725241066453,0.5732743600473542,1.327800829875516,0.48427839595338196
20220526,500,87,16.666666666666668,2,6.716666666666667,88.44500000000001,9.404520189781083,1.4001767031932133,0.1488833746898263,0.0811810075081552,0,,,,,,,88,4.932386363636364,141.15932540200862,11.881049002592684,2.4087831176780465,0.20274161962907497,0.027429932207026265,57,0.7134502923976616,0.11939919242550674,0.3455418823030093,0.4843250973263486,1.4016393442622936,0.6784942676566079
20220526,500,89,128.61666666666667,11,7.643939393939394,111.95073737373734,10.580677547952085,1.3841917109312936,0.13082259663032705,0.08306683115581351,2,1.3416666666666686,0.13347222222222907,0.3653385036130589,0.27230199027060253,0.7453416149068313,2.146438751240801,36,5.101851851851852,24.79126631393303,4.979082878797362,0.9759363900365065,0.19600725952813067,0.167100253097076,4,0.92916666666666,0.259328703703721,0.5092432657421412,0.5480645012471513,1.07623318385651,0.5298546928289
20220526,500,90,66.68333333333334,12,0.5097222222222216,0.14431607744107808,0.37988955953155396,0.7452874192444664,1.9618528610354247,0.2865316173453798,12,0.5097222222222216,0.14431607744107808,0.37988955953155396,0.7452874192444664,1.9618528610354247,0.2865316173453798,76,4.190131578947368,92.8856457602339,9.637719946140471,2.3000995946198017,0.23865598995132675,0.030083395185196354,57,0.6277777777777775,0.09100529100529038,0.30167083220836977,0.48053760882749186,1.5929203539823014,0.6892318933325083
20220526,500,91,166.66666666666666,15,10.641111111111112,197.93789153439153,14.069040178149734,1.3221401441301828,0.09397514879398558,0.09104689674347964,4,0.80416666666666,0.28155092592592645,0.530613725723267,0.6598305397595084,1.2435233160621864,0.3655571698119235,40,7.325,116.0414814814814,10.772255171573008,1.4706150404877827,0.13651877133105803,0.07359056291260699,13,0.642307692307694,0.058547008547009415,0.24196489114540856,0.37671180657368897,1.556886227544906,1.1215061726841224
20220526,600,86,142.05,33,3.9035353535353536,150.57574231902356,12.270930784542124,3.1435428843826374,0.25617803079311685,0.016105764809388093,27,0.4839506172839507,0.31699746755302083,0.5630252814510383,1.1633940764677064,2.0663265306122445,0.11758892910262463,77,4.627056277056277,22.721272214627458,4.766683565606957,1.0301762676289536,0.21612012911072648,0.14996746493436555,12,1.0430555555555543,0.23345749158249057,0.48317439044561394,0.4632297751276198,0.9587217043941423,0.7416981536749134
20220529,300,102,40.0,18,2.1314814814814813,3.0464669571532332,1.7454131193368616,0.8188732271432714,0.4691572545612511,0.23734866168720645,9,1.2333333333333334,0.4577777777777783,0.6765927710061483,0.5485887332482283,0.8108108108108107,0.5288425172155449,182,0.8860805860805862,1.3944276472453263,1.1808588600020438,1.3326765968605123,1.1285655229433649,0.08961291184986903,167,0.6179640718562872,0.0734370616197321,0.27099273351832165,0.4385250629608501,1.6182170542635665,0.8276206009233747
20220529,300,104,105.0,38,2.3640350877192984,3.6170199146514928,1.9018464487574944,0.804491633240647,0.4230055658627087,0.2459104973156696,12,1.0777777777777773,0.3059259259259252,0.5531057095401613,0.5131908645217993,0.9278350515463922,0.6043135026439246,111,2.5993993993994,12.752423878423878,3.5710536090100744,1.3737995053146426,0.3847042513863216,0.08432831456052087,68,0.6205882352941181,0.09754658082138455,0.31232448002259533,0.5032716739700585,1.6113744075829373,0.6283695867882653
20220529,300,105,157.56666666666666,137,1.1401459854014597,1.189185272649206,1.0904977178560284,0.9564544644447882,0.8770806658130603,0.17397687844992507,108,0.7169753086419755,0.23913801392254125,0.48901739633937485,0.6820561188719648,1.3947481704692206,0.3421211418055418,182,1.4212454212454213,1.9609457700065414,1.4003377342650385,0.9852891790060708,0.7036082474226804,0.16394293482234495,133,0.8255639097744364,0.2733987747145613,0.522875486817427,0.6333555532487957,1.211293260473588,0.39675733646510775
20220529,300,93,100.0,13,6.017948717948719,27.19344729344728,5.214733674258666,0.8665300949982443,0.1661695781849169,0.21195947274022725,2,0.9166666666666679,1.2272222222222273,1.1078006238589269,1.2085097714824642,1.0909090909090895,0.10897322382367194,101,2.2151815181518146,8.86014499449945,2.9765995690551743,1.3437271594513083,0.45143027413587616,0.08814505258481915,71,0.7356807511737089,0.08353409344958639,0.28902265213921624,0.39286423041259133,1.3592852584556478,1.0311815972932064
20220529,300,95,63.56666666666666,33,1.498989898989899,2.428158670033671,1.5582550080245758,1.039536696727985,0.6671159029649595,0.1472788829866294,24,0.7486111111111109,0.1977757648953302,0.44471987238634864,0.5940599408500392,1.3358070500927648,0.45098240297610426,267,1.327965043695381,2.1420888676122294,1.4635876699440418,1.1021281598431676,0.7530318698881263,0.13102553261122196,206,0.7035598705501618,0.22317425737364294,0.4724132273483067,0.6714613029007671,1.421343146274149,0.3530028030754752
20220529,300,96,60.0,10,4.586666666666666,13.908444444444449,3.7294026927169517,0.813096517307475,0.21802325581395351,0.2407331673256537,2,0.5999999999999979,0.22222222222222066,0.47140452079103,0.7856742013183862,1.6666666666666725,0.25783100780887047,114,1.363157894736842,3.5725342855664217,1.8901148868696902,1.3865707664295026,0.7335907335907337,0.08278202627017942,93,0.7161290322580646,0.14786504597163927,0.38453224308455497,0.5369594385414956,1.3963963963963963,0.5519975755288031
20220529,300,97,82.3,55,1.438181818181818,4.121539842873175,2.030157590649843,1.4116140010839617,0.695322376738306,0.079870833601201,44,0.7181818181818185,0.13852478271082957,0.37218917597215206,0.5182380931257812,1.3924050632911387,0.5925997532439178,103,0.9226537216828479,2.0360612983057282,1.426906198145389,1.5465240800663809,1.0838302350052613,0.06654367141692555,94,0.5716312056737589,0.04989145631561578,0.22336395482623372,0.3907483576984982,1.7493796526054588,1.0423793732290807
20220529,400,100,60.0,9,5.329629629629629,12.519012345679018,3.53822163603116,0.6638775828550474,0.18763029881862406,0.3611138317074852,0,,,,,,,143,2.293473193473193,13.161553344933626,3.6278855198219286,1.5818303567472383,0.43601992072365087,0.06360632736059138,109,0.6201834862385321,0.1526958507947303,0.39076316458275634,0.6300767002887638,1.6124260355029585,0.4008974478619859
20220529,400,101,60.0,16,3.0979166666666664,4.743625,2.1779864554216126,0.7030487549444345,0.32279757901815737,0.3219950865722958,3,1.2666666666666657,0.3144444444444433,0.5607534613753564,0.44270010108580804,0.7894736842105269,0.8120838792392133,132,2.3633838383838386,14.762983203536635,3.8422627712764044,1.6257464017795233,0.4231221284325248,0.060216364057838076,91,0.5468864468864472,0.11454266720933338,0.33844152701660796,0.618851553084621,1.8285331547220351,0.41557284478770484
20220529,400,103,92.23333333333333,68,1.3049019607843138,2.5458794263974247,1.595581218991194,1.2227594615860389,0.7663410969196093,0.10644813762095148,51,0.581045751633987,0.056589106753812575,0.23788465010128873,0.4094077780145914,1.7210348706411698,0.9495283876743947,86,2.77015503875969,13.83822298221615,3.7199762072110287,1.342876537652785,0.36099062543724636,0.08825675585439859,51,0.694771241830064,0.2133498910675357,0.46189813927697926,0.6648204638699714,1.4393226716839163,0.3600902593396675
20220529,400,92,60.199999999999996,12,4.719444444444444,41.753021885521875,6.461657827951111,1.369156455598823,0.21188934667451442,0.084901228556884,2,1.0333333333333332,1.1755555555555526,1.0842303978193715,1.049255223696166,0.9677419354838711,0.14456323280842323,107,0.9722741433021806,2.6958173161699865,1.6418944290574795,1.6887155133849758,1.0285165011214354,0.05580937327821768,97,0.534364261168385,0.08114475945017204,0.28485919232170137,0.5330805464026693,1.8713826366559483,0.5600598803064314
20220529,400,98,100.0,23,3.2855072463768114,9.799780412823894,3.1304600960280413,0.9528087632374719,0.3043670048522276,0.17531078968018152,5,0.8666666666666671,0.39999999999999813,0.6324555320336744,0.7297563831157778,1.1538461538461533,0.2988576153614496,156,1.9339743589743592,9.690458367797081,3.1129501068595817,1.609612915711285,0.5170699370235332,0.06142953603728801,110,0.5242424242424242,0.08295431378000283,0.28801790531146293,0.5493983164900739,1.9075144508670523,0.5272850803776098
20220529,400,99,86.66666666666667,18,4.198148148148149,11.448689179375442,3.3835911661096767,0.8059723112921152,0.2382002646669607,0.24500778686819877,3,0.7000000000000028,0.07444444444444355,0.27284509239574667,0.38977870342249366,1.4285714285714228,1.0475720881123471,68,4.026470588235293,14.751195980879945,3.8407285742265027,0.9538697700781674,0.24835646457268085,0.1749210037701617,21,0.8777777777777752,0.3819259259259202,0.6180015581905277,0.7040524080651602,1.1392405063291173,0.3210777087653633
20230523,300,106,165.6,24,4.840277777777778,77.59864533011269,8.809009327393898,1.8199387993468026,0.2065997130559541,0.04805145735817517,16,0.5208333333333333,0.06975925925925903,0.2641197820294024,0.5071099814964527,1.9200000000000004,0.6188933466147312,66,3.917171717171717,84.99952965552961,9.219518949247277,2.353616235109542,0.2552862300154719,0.028730873460406422,48,0.6312500000000014,0.016000295508273983,0.12649227450035824,0.20038380118868587,1.5841584158415807,3.963646458613637
20230523,300,111,150.26666666666665,72,1.6708333333333332,6.57636737089202,2.56444289678909,1.5348286664074358,0.5985037406483791,0.06756166246704966,58,0.8051724137931033,0.08151273778315518,0.28550435685494396,0.35458785219671846,1.2419700214132765,1.2658213765276285,166,1.7767068273092366,6.686524846862197,2.585831558099289,1.4554070026372585,0.5628390596745029,0.07513654331007479,125,0.6813333333333328,0.08101075268817182,0.2846238793358207,0.41774541976881735,1.467710371819962,0.912003988849174
20230523,300,114,201.13333333333333,177,1.0871939736346516,0.29521386178165815,0.5433358646193513,0.4997598200465539,0.9197990646111207,0.6372318265708762,169,1.0161735700197239,0.18706490091105468,0.43251000093761377,0.4256261072891502,0.984083850931677,0.878544194922351,182,1.1014652014652015,3.6726559137608863,1.9164174685492945,1.739880175969263,0.9078816095776521,0.052575262772853425,160,0.7456249999999998,0.08949855870021048,0.29916309715640144,0.40122460641260893,1.3411567476948874,0.988655558092524
20230523,400,107,5.366666666666666,2,2.4,10.88888888888889,3.2998316455372216,1.3749298523071758,0.4166666666666667,0.08418971683554953,0,,,,,,,269,2.2418835192069393,67.96231053530367,8.243925675023014,3.6772319366258968,0.4460535043112978,0.011770043964361208,238,0.9198879551820724,0.15836510694291836,0.3979511363759606,0.4326082694464616,1.0870889159561514,0.8504141894349134
20230523,400,109,1.7,0,,,,,,,0,,,,,,,188,2.8897163120567373,68.08088001415909,8.251113865058407,2.8553369860675804,0.3460547306417966,0.019521149605787873,122,0.9510928961748635,0.17928713363139584,0.4234231141912258,0.4451963797586574,1.0514220051709278,0.8030024742811649
20230523,400,112,123.5,29,4.2,243.02174603174603,15.589154756809172,3.7117035135259933,0.23809523809523808,0.011552436117277711,25,0.7906666666666666,0.1012518518518522,0.3182009614250909,0.4024464098968266,1.2647554806070826,0.9826616709340266,64,4.571875,63.76272376543217,7.9851564646807125,1.7465824119602378,0.21872863978127136,0.05217253830912648,36,0.8324074074074075,0.15107848324514508,0.38868815681101615,0.46694461552380134,1.2013348164627362,0.7299437394187193
20250518,850,115,59.0256,35,1.1196899999999999,3.4521352911797383,1.8579922742518975,1.6593809663852475,0.8931043413802036,0.05780001126450394,32,0.6235395833333334,0.04352329612455198,0.20862237685481388,0.3345775992913797,1.6037474231454163,1.4217603890153254,68,5.603146568627451,52.93297265454028,7.275504975913375,1.2984677246619993,0.17847114790805133,0.09439691765655753,25,0.7627619999999973,0.14833905947963136,0.385148100708846,0.5049387629546928,1.311024933072182,0.6242272280773126
20250518,850,116,36.56986666666667,71,0.5113089201877934,0.017901611427230086,0.1337969036533734,0.26167527764669646,1.9557648234118823,2.3243137123950586,71,0.5113089201877934,0.017901611427230086,0.1337969036533734,0.26167527764669646,1.9557648234118823,2.3243137123950586,652,0.6510594069529652,0.6386954490059261,0.7991842397131753,1.2275135435849884,1.535958146553965,0.10562520055071539,635,0.5434300262467194,0.05434669348974691,0.2331237728970319,0.42898581535351665,1.8401633176338252,0.8648370110645027
20250518,850,117,57.2405,121,0.46892575757575755,0.01573884559722231,0.12545455590460758,0.2675360734142221,2.132533740884226,2.223593696546942,121,0.46892575757575755,0.01573884559722231,0.12545455590460758,0.2675360734142221,2.132533740884226,2.223593696546942,125,3.156620133333334,31.848774929763852,5.643471886149859,1.787821038887709,0.3167945326839242,0.0497934300840213,81,0.857440946502057,0.17738715227117324,0.4211735417511091,0.4911983075560979,1.1662610749807492,0.6596391268224024
20250518,850,118,59.9432,103,0.5667474110032363,0.28995516532002896,0.5384748511490848,0.9501143555219698,1.764454465226114,0.17630651933586286,101,0.5039688118811881,0.0394527697370187,0.19862721298205516,0.3941260020449083,1.9842497718603913,1.0245896294599282,171,2.5434766081871345,11.995583043060712,3.4634640236417518,1.361704688965211,0.39316264862870154,0.08583299480079105,110,0.8021650000000001,0.21444558180402737,0.46308269434737825,0.5772910739653041,1.246626317528189,0.47756275244831453
20250518,850,119,56.289566666666666,23,1.7220101449275362,16.316218819867142,4.039333957457237,2.345708571668848,0.5807166717023499,0.028924910374966827,22,0.8857333333333334,0.24196227611111082,0.4918966112010844,0.555355198556094,1.1290079783230467,0.5160341562993799,90,3.573940740740741,65.89645051724779,8.11766287285003,2.271347921445264,0.2798031843674997,0.030849832043934683,63,1.0317185185185194,0.23378412903325368,0.48351228426303056,0.4686474804749291,0.9692566160738637,0.7246487686612055
20250519,400,120,61.2122,85,0.7119001132564985,0.0934928055178463,0.3057659325658212,0.4295067901691053,1.4046914467053875,0.8627402570297596,85,0.7119001132564985,0.0934928055178463,0.3057659325658212,0.4295067901691053,1.4046914467053875,0.8627402570297596,95,5.475917348233462,98.34237635938632,9.916772476939578,1.8109792106593319,0.18261780381374842,0.04852809040378982,64,0.6407558266480531,0.1254993201280351,0.3542588321101326,0.5528764895722372,1.5606568967639969,0.5206715963497424
20250519,400,121,48.9664,74,0.6529156158218942,0.05419167762793067,0.23279106002578936,0.35654080616949335,1.5315914886507866,1.2519922697402892,74,0.6529156158218942,0.05419167762793067,0.23279106002578936,0.35654080616949335,1.5315914886507866,1.2519922697402892,236,2.344684463985088,20.973107157057548,4.579640505220639,1.9532011985258606,0.42649662048784737,0.04171825817573489,172,0.7495988031834162,0.1661840459483197,0.4076567746871376,0.5438332784896267,1.3340469538547464,0.5381316955638219
20250519,400,122,57.39175745673254,45,1.2293996623160537,1.1518998830628122,1.0732659889621081,0.8730000681309714,0.8134051363867386,0.2088293691097527,43,1.0565018628629173,0.1237269214171618,0.35174837798796144,0.3329368270442902,0.9465198644233261,1.435808298343655,62,7.421802618220837,163.63537289499112,12.792004256370115,1.723571066814039,0.1347381561381002,0.05357494593997692,35,0.6539990965999729,0.12584104627445677,0.3547408156308726,0.5424178985492613,1.5290540999197482,0.5409437507866776
20250519,400,123,55.47287699329345,12,4.0207408587620215,111.86087395194399,10.576430113792838,2.630467987198086,0.2487103832670027,0.023001390440856914,10,0.8275051725916859,0.2867660473040317,0.5355054129549315,0.6471324055628167,1.208451660632009,0.3800439609133142,252,2.4868453019442436,33.295207141120294,5.770199922110177,2.320289049583812,0.4021158852214043,0.029562145542132122,203,0.5738161802858631,0.07912401416772262,0.28128991124411595,0.4902090964112989,1.742718372810298,0.6623040335128343
20250520,300,124,56.0248,11,3.564307534435709,100.59088613466062,10.029500791896904,2.8138707715311515,0.28055940469186175,0.020100730227118755,10,0.5405613639459096,0.019373550657386315,0.13918890278102747,0.2574895507977059,1.8499287346405013,2.4004955899446636,287,1.5739341558948994,16.39608794793224,4.049208311254466,2.5726669035606435,0.6353505934506042,0.024046563090891173,255,0.726964090390099,0.16421931269457846,0.4052398212103278,0.557441318721631,1.3755837643416282,0.5121790601451678
20250520,300,125,64.23329693269554,84,0.7569359759137375,0.8197505343079153,0.9054007589503752,1.1961391554383685,1.321115697787844,0.11123890810518103,81,0.5989752364286632,0.08168747349798236,0.28581020537759383,0.4771653116775108,1.6695181022214063,0.6990084131328915,21,21.627196154630028,2060.3305227148894,45.390863868347886,2.0987863403010034,0.04623807879903639,0.03613130715176641,6,0.7257528354733154,0.1352526763832355,0.3677671496792984,0.5067388395933047,1.3778795632921343,0.6198002491575579
20250520,300,126,55.80786693485637,88,0.6205297882789268,0.3057093700454335,0.55290991132863,0.8910287979279057,1.611526181158127,0.2004641193409431,86,0.5523168810217822,0.049115063479756284,0.2216191857212644,0.40125368848272486,1.810554836111486,0.9885122517048854,237,1.994825106220664,20.292901757269703,4.504764339815092,2.2582252076973726,0.5012970795693313,0.031209415111604136,196,0.5889610312715768,0.11954543251565483,0.34575342733753894,0.5870565436070557,1.6979052040862246,0.4618067378975911
20250520,300,127,55.023670558272826,20,2.586012412532531,34.044391548334715,5.834757197033542,2.2562757892254095,0.38669574637527787,0.03126336817312957,13,0.8380476949795251,0.1814940904177295,0.42602123235553585,0.5083496260507515,1.1932495083402521,0.6158786013141159,110,4.473725637540149,90.0691511112896,9.490476864272395,2.121381066517677,0.2235273418666425,0.035365740408473796,75,0.7205242326187393,0.15736544195340096,0.39669313323197436,0.5505618205097648,1.3878783734524907,0.525058808835481
20250520,300,128,47.59926538825478,67,0.7039624341625011,0.46013750643188295,0.678334361824523,0.9635945455406755,1.4205303457558678,0.17140814922283656,62,0.5564899473271535,0.09208575417851743,0.3034563464133143,0.5453042734569221,1.7969776539595108,0.5352323185661331,75,6.753434269994282,316.1781862041409,17.781400006865063,2.6329418923744283,0.1480728115535278,0.022958186657313986,54,0.6485107167889992,0.06950536462318614,0.26363870092076036,0.40652944368618416,1.5419945640240855,0.963021804131434
20250520,300,129,45.33005745705543,83,0.540717989630125,0.09924266931470554,0.3150280452828058,0.582610623882329,1.8493928797968129,0.4688817531749459,82,0.5212690072666949,0.06868446277159895,0.2620772076537732,0.5027676765745016,1.9183952739556867,0.6296300312661954,161,3.683714186233461,102.81415381465922,10.139731446870732,2.75258365178392,0.2714651434514479,0.021005792895769378,123,0.5885468221780078,0.09947742186849051,0.3154004151368392,0.5358968959676845,1.6991001604585114,0.5541886775389484
20250520,300,130,35.3198,80,0.4369098355758817,0.002896938936002645,0.05382321930173487,0.1231906789893883,2.288801758564032,10.487317921742404,80,0.4369098355758817,0.002896938936002645,0.05382321930173487,0.1231906789893883,2.288801758564032,10.487317921742404,146,3.711026752627392,88.68784010270333,9.417422158037906,2.5376864102018155,0.26946720319167844,0.02471406722845886,107,0.7328453430993939,0.18489287162301005,0.4299917111096562,0.586742776164899,1.3645443877295302,0.4623007828803574
20250520,300,131,46.0642,72,0.4854551464550515,0.07634825198797097,0.27631187449686445,0.5691810592895801,2.0599225434158424,0.49126887815159076,72,0.4854551464550515,0.07634825198797097,0.27631187449686445,0.5691810592895801,2.0599225434158424,0.49126887815159076,298,1.6315510551096475,23.205606161446806,4.817219754323733,2.9525400012689116,0.612913703722741,0.01825696366687238,262,0.528408294951937,0.05383179220398222,0.23201679293530075,0.4390862050271269,1.8924759689681974,0.825506592446735
20250520,300,132,56.92599282473058,51,1.0039874949951622,3.5428773948918235,1.8822532759678818,1.8747776096324305,0.9960283419713496,0.04528148024071629,45,0.43860524626583475,0.022947074739858964,0.15148291897061847,0.3453741610714935,2.2799544887201573,1.3342599360831984,232,1.628349304092016,8.124335809637934,2.8503220536700646,1.7504364981808573,0.6141188487550034,0.05194304572661714,186,0.5960513076439848,0.08345132298681653,0.2888794263820401,0.4846553017791293,1.6777079207370675,0.6775700416936922
20250522,1000,133,10.6443,13,0.5826521564629318,0.04928964409024659,0.22201271155104293,0.3810381701816757,1.7162898805191666,1.096183260386589,13,0.5826521564629318,0.04928964409024659,0.22201271155104293,0.3810381701816757,1.7162898805191666,1.096183260386589,349,1.7649529115026494,5.922183204050185,2.4335536164321887,1.3788207042647413,0.5665873539643717,0.08371524246182828,275,0.900625762234672,0.16041678068576065,0.40052063702855645,0.4447137244161961,1.1103391019137143,0.8047464445386108
20250522,1000,134,53.47178494525389,21,2.0266922724217022,26.90389768935927,5.186896730161424,2.5592917093247616,0.49341481862221553,0.024298560848318423,18,0.47734389403372757,0.24184273018462565,0.49177508089026395,1.0302322644887896,2.094925718122506,0.1499511628262286,262,1.843630679323803,5.764470072182302,2.400931084430018,1.3022841892122443,0.5424079839931795,0.09384445053524032,193,1.0077745570663865,0.1866355327591134,0.4320133478946147,0.4286805465224263,0.9922854203731655,0.8660691723427887
20250522,1000,136,55.0569,62,0.8207410241255413,0.3733384152199646,0.6110142512412985,0.7444665653118824,1.2184111316544097,0.2871638291404328,60,0.7288090595762224,0.07783026479298545,0.27898076061439336,0.38278991863329903,1.372101494706262,1.0861733647361858,248,2.0985406152927975,12.819945771903686,3.5804951852926274,1.706183411081163,0.4765216325634354,0.054672470824489984,195,0.8045069805646953,0.1322171519726457,0.36361676525243675,0.4519746553314041,1.2429972941913883,0.7790977805274811
20250522,1000,137,46.6147,54,0.8487145564805153,0.9235391170415296,0.9610094260940054,1.132311704513658,1.1782524434915331,0.12413325356469762,52,0.6798676307009005,0.056847827707614824,0.2384278249441848,0.3506974213471243,1.4708745568149248,1.2940617084309765,425,1.3809139600239961,4.423251988601732,2.1031528685765406,1.523015140306058,0.7241580785979042,0.06861383444070865,370,0.7667816696421779,0.07398740248648539,0.2720062544988357,0.35473755472763013,1.30415219819568,1.2647532252899005
20250522,1000,138,54.1558,66,0.8096728396372866,0.3818141150600319,0.6179110899312553,0.7631614396353769,1.2350667467714185,0.27326706634491243,64,0.7260086474288248,0.09986174644539055,0.3160090923460756,0.4352690473663483,1.3773940620976368,0.8400488890203162,622,0.944220710417272,1.2210649720727382,1.1050180867627182,1.1702963878798913,1.0590744186897552,0.11620595990544881,573,0.7119321703796733,0.08496529595898047,0.2914880717267526,0.4094323642817013,1.4046281957826126,0.949414353417877
20250522,1000,139,55.8076,42,1.241361297294544,1.7011276183605595,1.3042728312590735,1.0506794710787588,0.8055672447493141,0.14417157338792264,38,0.929029568110827,0.15998649510789356,0.3999831185286369,0.4305386311245172,1.0763920055133345,0.8586098774781549,310,1.7308196454004507,6.699048907825261,2.588252095106901,1.4953909854126195,0.5777609484948013,0.07117223680529976,238,0.8426768335839357,0.10943286270408327,0.33080638250203587,0.3925661289335606,1.1866945430871323,1.0327482809676427
