led_period_ms,pulses_per_ifi,count,fraction,total_intervals
300,0,154,0.0506412364353831,3041
300,1,701,0.2305162775402828,3041
300,2,999,0.3285103584347254,3041
300,3,364,0.11969746793817823,3041
300,4+,823,0.27063465965143046,3041
400,0,58,0.031216361679224973,1858
400,1,694,0.37351991388589884,1858
400,2,384,0.20667384284176535,1858
400,3,154,0.08288482238966631,1858
400,4+,568,0.30570505920344454,1858
500,0,149,0.06520787746170678,2285
500,1,1145,0.5010940919037199,2285
500,2,252,0.11028446389496718,2285
500,3,142,0.062144420131291025,2285
500,4+,597,0.2612691466083151,2285
600,0,268,0.12494172494172494,2145
600,1,1119,0.5216783216783217,2145
600,2,207,0.0965034965034965,2145
600,3,106,0.04941724941724942,2145
600,4+,445,0.20745920745920746,2145
700,0,233,0.16884057971014493,1380
700,1,680,0.4927536231884058,1380
700,2,129,0.09347826086956522,1380
700,3,57,0.041304347826086954,1380
700,4+,281,0.2036231884057971,1380
770,0,229,0.14259028642590285,1606
770,1,875,0.5448318804483188,1606
770,2,203,0.12640099626400997,1606
770,3,92,0.057285180572851806,1606
770,4+,207,0.12889165628891655,1606
850,0,587,0.2907379891035166,2019
850,1,973,0.48192174343734523,2019
850,2,153,0.07578008915304606,2019
850,3,62,0.03070827142149579,2019
850,4+,244,0.12085190688459634,2019
1000,0,1248,0.2965074839629366,4209
1000,1,2169,0.5153243050605845,4209
1000,2,311,0.07388928486576384,4209
1000,3,120,0.02851033499643621,4209
1000,4+,361,0.08576859111427892,4209
