bin_center,predictor,mean_R,sem_R,n
-0.4857142857142857,Tprev,1.131057515415609,0.0368994845561432,158
-0.45714285714285713,Tprev,1.0874002791954716,0.02780640172734472,165
-0.42857142857142855,Tprev,1.0763062000812904,0.02367529365271631,158
-0.4,Tprev,1.1487818416402955,0.03549068419174036,149
-0.37142857142857144,Tprev,1.0765899388537914,0.025998439797155475,168
-0.34285714285714286,Tprev,1.1158010089628883,0.02946047946818206,162
-0.3142857142857143,Tprev,1.1150066750119048,0.03004351120384749,169
-0.28571428571428575,Tprev,1.10629500279139,0.04091265113615301,116
-0.2571428571428572,Tprev,1.150302920138851,0.030870457990074936,154
-0.2285714285714286,Tprev,1.1030985843049927,0.03053312065319462,155
-0.2,Tprev,1.1167315163779028,0.02468468357958456,144
-0.17142857142857143,Tprev,1.1385063921491185,0.04288116370029388,117
-0.14285714285714285,Tprev,1.1266833050270422,0.03517581268691954,120
-0.1142857142857143,Tprev,1.1065025858742898,0.02363359169494548,117
-0.08571428571428574,Tprev,1.1882266346995012,0.04681320530525119,85
-0.05714285714285716,Tprev,1.2163494656870326,0.04086676296198658,85
-0.02857142857142858,Tprev,1.251356049283529,0.0648897582022191,42
-2.7755575615628914e-17,Tprev,1.1628302559203438,0.04615986161194007,80
0.028571428571428525,Tprev,0.8790660066898403,0.0356780063306517,133
0.057142857142857106,Tprev,0.9553671168795396,0.03402181564429632,186
0.08571428571428569,Tprev,0.9292413567849932,0.030639687118220797,184
0.11428571428571427,Tprev,0.8996068602235775,0.03307394308896186,165
0.14285714285714285,Tprev,0.8510483559916598,0.03016203013440831,209
0.17142857142857143,Tprev,0.8768064577594014,0.030527588793352458,148
0.2,Tprev,0.9158928031214423,0.02684910311698117,207
0.2285714285714286,Tprev,0.9260011710202162,0.025319412585985968,190
0.2571428571428571,Tprev,0.9556640438304392,0.027583647668242395,183
0.28571428571428564,Tprev,0.9436673698397693,0.02750100804323076,178
0.3142857142857142,Tprev,1.033079798130637,0.041597531551776284,166
0.3428571428571428,Tprev,0.9746421269926699,0.024553434508491418,199
0.3714285714285714,Tprev,0.9933715552295981,0.02702523534738727,212
0.39999999999999997,Tprev,1.054445894003782,0.03022053505865449,170
0.42857142857142855,Tprev,1.0106087155302155,0.025914755300146038,174
0.45714285714285713,Tprev,1.0507091694783601,0.028687090184889144,190
0.4857142857142857,Tprev,1.080454460780205,0.03208212607473331,135
-0.4857142857142857,trailing 3-cycle mean,1.0604153590402963,0.029007080559940338,158
-0.45714285714285713,trailing 3-cycle mean,1.0450743725818459,0.028581685756486497,165
-0.42857142857142855,trailing 3-cycle mean,0.9886473936744046,0.023132215034130967,158
-0.4,trailing 3-cycle mean,1.0678424531564679,0.027581819898499785,149
-0.37142857142857144,trailing 3-cycle mean,1.0115947561609684,0.02259058995921112,168
-0.34285714285714286,trailing 3-cycle mean,1.0614208031300243,0.03137003772855511,162
-0.3142857142857143,trailing 3-cycle mean,1.0604775619227955,0.027292808806780085,169
-0.28571428571428575,trailing 3-cycle mean,1.0547270980052255,0.04081655999110921,116
-0.2571428571428572,trailing 3-cycle mean,1.0496550587648692,0.028874978381069623,154
-0.2285714285714286,trailing 3-cycle mean,0.9973436225368038,0.021484016077625505,155
-0.2,trailing 3-cycle mean,1.0224688886931417,0.021737851195252983,144
-0.17142857142857143,trailing 3-cycle mean,1.0400698060394349,0.026507027547107865,117
-0.14285714285714285,trailing 3-cycle mean,1.044233330011358,0.02845473172037983,120
-0.1142857142857143,trailing 3-cycle mean,1.0397427127522876,0.03085424549706512,117
-0.08571428571428574,trailing 3-cycle mean,1.0868630725199795,0.03488252266267649,85
-0.05714285714285716,trailing 3-cycle mean,1.1254376071740422,0.039457258925876135,85
-0.02857142857142858,trailing 3-cycle mean,1.151151120201539,0.06336773264744061,42
-2.7755575615628914e-17,trailing 3-cycle mean,1.042394605490569,0.04239707943472569,80
0.028571428571428525,trailing 3-cycle mean,0.8891876579135088,0.027333197879436097,133
0.057142857142857106,trailing 3-cycle mean,0.9329243123308252,0.029216846904443282,186
0.08571428571428569,trailing 3-cycle mean,0.9113493425491861,0.0246105462450597,184
0.11428571428571427,trailing 3-cycle mean,0.8951695531058328,0.027171443065526008,165
0.14285714285714285,trailing 3-cycle mean,0.8537010953398254,0.024372363176749758,209
0.17142857142857143,trailing 3-cycle mean,0.8788737639476022,0.026372057367831308,148
0.2,trailing 3-cycle mean,0.8989048658840232,0.02328575108736259,207
0.2285714285714286,trailing 3-cycle mean,0.9083025853493255,0.02370672453187308,190
0.2571428571428571,trailing 3-cycle mean,0.9366129910195862,0.024471684581706083,183
0.28571428571428564,trailing 3-cycle mean,0.9392154865673668,0.02465018935346879,178
0.3142857142857142,trailing 3-cycle mean,1.015009263503148,0.0415519786067278,166
0.3428571428571428,trailing 3-cycle mean,0.9372338340283616,0.020394510547658392,199
0.3714285714285714,trailing 3-cycle mean,0.977277512256373,0.02448361995862318,212
0.39999999999999997,trailing 3-cycle mean,1.0359891508827541,0.029827361684558174,170
0.42857142857142855,trailing 3-cycle mean,0.9704167258041738,0.024498496823611216,174
0.45714285714285713,trailing 3-cycle mean,0.9935000021533121,0.02820014998020956,190
0.4857142857142857,trailing 3-cycle mean,1.0553115081538622,0.03262514777449788,135
-0.4857142857142857,habituation mean (filt),1.0494119233236823,0.04261277151488806,158
-0.45714285714285713,habituation mean (filt),0.9681869447105717,0.03621470012784278,165
-0.42857142857142855,habituation mean (filt),0.9117541622070957,0.033090244510499855,158
-0.4,habituation mean (filt),1.0165913263531448,0.03490507771867296,149
-0.37142857142857144,habituation mean (filt),0.9170296146176126,0.0343734657176018,168
-0.34285714285714286,habituation mean (filt),0.976727727739069,0.042768586750566065,162
-0.3142857142857143,habituation mean (filt),1.0178756026391442,0.036465415821993925,169
-0.28571428571428575,habituation mean (filt),0.8902661943078394,0.043324683235247324,116
-0.2571428571428572,habituation mean (filt),0.9760414481780749,0.03160455625655231,154
-0.2285714285714286,habituation mean (filt),0.9037519650086215,0.03287038921909313,155
-0.2,habituation mean (filt),0.9300958559303896,0.031051758382044627,144
-0.17142857142857143,habituation mean (filt),0.8834523067044419,0.03197428867818567,117
-0.14285714285714285,habituation mean (filt),0.9421261128618641,0.03917940382743593,120
-0.1142857142857143,habituation mean (filt),0.9364897307736012,0.0369369887819573,117
-0.08571428571428574,habituation mean (filt),0.904272899235986,0.05158401278205921,85
-0.05714285714285716,habituation mean (filt),1.021659024048455,0.04439102554675683,85
-0.02857142857142858,habituation mean (filt),1.156098910020272,0.10539821040158806,42
-2.7755575615628914e-17,habituation mean (filt),0.8943315184051919,0.05016242828929575,80
0.028571428571428525,habituation mean (filt),0.8509787901968522,0.028783866744719735,133
0.057142857142857106,habituation mean (filt),0.8968469804246958,0.03148177771812981,186
0.08571428571428569,habituation mean (filt),0.8530345526877919,0.026575861470267186,184
0.11428571428571427,habituation mean (filt),0.9050970829937244,0.03229989074870618,165
0.14285714285714285,habituation mean (filt),0.8728782135266269,0.02858793036163556,209
0.17142857142857143,habituation mean (filt),0.9089906860535867,0.02916863019703613,148
0.2,habituation mean (filt),0.9401620961010544,0.026359651092590197,207
0.2285714285714286,habituation mean (filt),0.9408152883401031,0.03489432360975239,190
0.2571428571428571,habituation mean (filt),0.9609334025553824,0.029263381350341025,183
0.28571428571428564,habituation mean (filt),0.936815615529874,0.03302584586078726,178
0.3142857142857142,habituation mean (filt),0.9598742979477042,0.037513644957285965,166
0.3428571428571428,habituation mean (filt),0.9208679687597068,0.02902896745253225,199
0.3714285714285714,habituation mean (filt),0.9100147218076491,0.028942380110867923,212
0.39999999999999997,habituation mean (filt),0.9467357242034019,0.0317847553193429,170
0.42857142857142855,habituation mean (filt),0.9637565278867628,0.02905150322308911,174
0.45714285714285713,habituation mean (filt),0.9365943546097949,0.030569852684299098,190
0.4857142857142857,habituation mean (filt),1.0029167124628264,0.03855631425483111,135
-0.4857142857142857,habituation mean (raw),0.8168634917174903,0.04731416318227875,158
-0.45714285714285713,habituation mean (raw),0.7595369796065191,0.04188530760218727,165
-0.42857142857142855,habituation mean (raw),0.6783771009391228,0.037866733096866674,158
-0.4,habituation mean (raw),0.816926954938876,0.03842863035008279,149
-0.37142857142857144,habituation mean (raw),0.7114869697963521,0.03837727923912863,168
-0.34285714285714286,habituation mean (raw),0.7758712712483457,0.046844416105693294,162
-0.3142857142857143,habituation mean (raw),0.7986452240948538,0.04123979339733176,169
-0.28571428571428575,habituation mean (raw),0.7149707111882214,0.04599387250791769,116
-0.2571428571428572,habituation mean (raw),0.8211164967524784,0.033937139046660535,154
-0.2285714285714286,habituation mean (raw),0.7318858447766962,0.035724001125907796,155
-0.2,habituation mean (raw),0.739411817577837,0.035922250546832665,144
-0.17142857142857143,habituation mean (raw),0.6974015698179413,0.03664272780464773,117
-0.14285714285714285,habituation mean (raw),0.722696261478355,0.03862471524424367,120
-0.1142857142857143,habituation mean (raw),0.7430900023971065,0.038623536887487285,117
-0.08571428571428574,habituation mean (raw),0.6760274918286706,0.049430632467188894,85
-0.05714285714285716,habituation mean (raw),0.8255756939210257,0.04956092626099079,85
-0.02857142857142858,habituation mean (raw),0.9415610498515121,0.11885731083983457,42
-2.7755575615628914e-17,habituation mean (raw),0.6987061283255314,0.053395961997444556,80
0.028571428571428525,habituation mean (raw),0.6507432962657461,0.034269902713500944,133
0.057142857142857106,habituation mean (raw),0.7219925745859079,0.03590115965610696,186
0.08571428571428569,habituation mean (raw),0.6528650659415455,0.030198518527718952,184
0.11428571428571427,habituation mean (raw),0.6962751842514215,0.037677128669670414,165
0.14285714285714285,habituation mean (raw),0.6425126937717052,0.030057222273270682,209
0.17142857142857143,habituation mean (raw),0.6974512667208207,0.03710867413045294,148
0.2,habituation mean (raw),0.7497013568650037,0.031847234273051805,207
0.2285714285714286,habituation mean (raw),0.7224749172243572,0.0396745306154699,190
0.2571428571428571,habituation mean (raw),0.7481120143083619,0.03477478663292988,183
0.28571428571428564,habituation mean (raw),0.7386137036302318,0.037384648742596754,178
0.3142857142857142,habituation mean (raw),0.7451286012698368,0.042781428366347685,166
0.3428571428571428,habituation mean (raw),0.7483603182410722,0.03407786369008657,199
0.3714285714285714,habituation mean (raw),0.7326531672893132,0.03189958742965773,212
0.39999999999999997,habituation mean (raw),0.758018651675002,0.036396650764389395,170
0.42857142857142855,habituation mean (raw),0.776678035498115,0.03626705791312145,174
0.45714285714285713,habituation mean (raw),0.7376226517014189,0.03445296781545176,190
0.4857142857142857,habituation mean (raw),0.8194174847324419,0.04407587462600011,135
