bin_center,n,mean_R,sd_R,lo95_R,hi95_R,mean_Z,sd_Z,lo95_Z,hi95_Z
-0.4857142857142857,220,1.1081397850200831,0.4628776705519046,1.047963708072376,1.1701149474744676,-0.10813978502008327,0.4628776705519046,-0.1730838239416351,-0.05187888098359329
-0.45714285714285713,231,1.0994772394786625,0.3803987738497139,1.0522593356345609,1.150973244051778,-0.09947723947866231,0.3803987738497139,-0.14940768562896792,-0.0549920746316341
-0.42857142857142855,201,1.0660604947163896,0.297479153412082,1.0256581486013707,1.1079334443230213,-0.06606049471638951,0.297479153412082,-0.10601705675096208,-0.026443074180181495
-0.4,202,1.1371475464197136,0.43268839991851604,1.0803081261559075,1.2030409348221258,-0.13714754641971363,0.43268839991851604,-0.20208276434290037,-0.08346763670973442
-0.37142857142857144,223,1.060023912392745,0.3138910726284601,1.021152299762371,1.1015190761163078,-0.06002391239274515,0.3138910726284601,-0.10283689619677693,-0.02100740584768004
-0.34285714285714286,207,1.1334969992196944,0.3728047288216097,1.084906377692431,1.1874866887646447,-0.13349699921969446,0.3728047288216097,-0.18879965779825728,-0.08696631374839107
-0.3142857142857143,215,1.1048417980105787,0.3643856269601049,1.0617328289744943,1.1578878419826073,-0.1048417980105787,0.3643856269601049,-0.1557718780798942,-0.05869927265456777
-0.28571428571428575,166,1.1385186689255786,0.4816336662159901,1.0730490912903483,1.22178666648938,-0.1385186689255786,0.48163366621599,-0.21737199113000633,-0.0751086171310051
-0.2571428571428572,205,1.1641982923982659,0.4036172475489527,1.1133448212098669,1.225075021794116,-0.16419829239826603,0.4036172475489527,-0.22119128772449706,-0.11170472773373327
-0.2285714285714286,201,1.1218873246729817,0.3878567354798101,1.072610395377734,1.1764704377075288,-0.12188732467298147,0.3878567354798101,-0.17730117155171296,-0.07076695776342941
-0.2,187,1.1315329736570408,0.337523710556432,1.0847673516154426,1.1817273414596101,-0.1315329736570408,0.337523710556432,-0.18098421301459072,-0.08638233153632087
-0.17142857142857143,157,1.1524696104006509,0.46211501086942663,1.087696638255714,1.2284479515692264,-0.152469610400651,0.46211501086942663,-0.230164147108327,-0.08529062273303635
-0.14285714285714285,161,1.1312150550447377,0.39284200914156486,1.0773674287633823,1.196981576753698,-0.1312150550447377,0.39284200914156486,-0.19647611850338773,-0.07536630273858161
-0.1142857142857143,149,1.1089904028056774,0.25625798642378805,1.0703227755204425,1.15199494381706,-0.10899040280567722,0.2562579864237881,-0.1517381870604439,-0.07011346940925577
-0.08571428571428574,117,1.2200810417060666,0.47978614620693427,1.1395031319086306,1.3121728359364149,-0.2200810417060667,0.47978614620693427,-0.3165245281374253,-0.1415494976653294
-0.05714285714285716,108,1.2176454553280065,0.40366774182554466,1.1462561699193143,1.2931749049024077,-0.21764545532800655,0.40366774182554466,-0.29798555175839986,-0.1467394104501005
-0.02857142857142858,60,1.3245822175889035,0.5645995280286544,1.1990242961421251,1.4768978307562464,-0.3245822175889034,0.5645995280286544,-0.4701224201694923,-0.1899402989717644
-2.7755575615628914e-17,162,0.8410496047909267,0.7142006805253196,0.7328526127525784,0.9597229042585431,0.1589503952090732,0.7142006805253197,0.050147668364365766,0.2715492854255116
0.028571428571428525,284,0.5835123159972215,0.5076179705432706,0.5254148710547044,0.6400807963333006,0.4164876840027785,0.5076179705432706,0.3556892326003194,0.47289705308468516
0.057142857142857106,302,0.7662751788485859,0.5344315090780004,0.7042356254809359,0.8257802791474769,0.23372482115141413,0.5344315090780004,0.1729456891671012,0.29077685585377416
0.08571428571428569,285,0.8090383711103367,0.5317129764401347,0.7490674294574412,0.8736797707776532,0.1909616288896633,0.5317129764401347,0.1308439184459639,0.25243191318110875
0.11428571428571427,271,0.7873737715198877,0.4683062710302678,0.7295158709311657,0.8453682650631784,0.21262622848011226,0.4683062710302678,0.15434422819963156,0.2685787805232998
0.14285714285714285,288,0.8308476121839892,0.4510364422252835,0.7800640589292187,0.8819762666740093,0.16915238781601083,0.4510364422252835,0.11596990430468791,0.21960566354920355
0.17142857142857143,222,0.825535135481572,0.38172859331591596,0.7766964255613158,0.8746893105154762,0.17446486451842813,0.38172859331591596,0.12577434883248018,0.22263355080685374
0.2,279,0.8939515783818132,0.4279096435197796,0.8436436382334349,0.9442183200009229,0.10604842161818673,0.42790964351977956,0.05356265571622344,0.15452608764386844
0.2285714285714286,284,0.9059558948574088,0.3702988267655169,0.8631395750658382,0.9515582560018193,0.09404410514259119,0.3702988267655169,0.05269269997829177,0.1393717140187961
0.2571428571428571,256,0.9343349404307961,0.3662783207629986,0.889361816799253,0.982350046615968,0.06566505956920379,0.3662783207629986,0.02207266234576498,0.1083197205662255
0.28571428571428564,238,0.9380336685767036,0.38576428090948733,0.8912416226331992,0.988087613870128,0.061966331423296446,0.38576428090948733,0.01278194860887079,0.1102988529986884
0.3142857142857142,225,0.9618668923347076,0.4966881423499738,0.9038312203246562,1.0342637005468833,0.03813310766529244,0.4966881423499738,-0.031774528569682305,0.0981886196087469
0.3428571428571428,276,0.9857421246571382,0.37309946702607755,0.9436284727299568,1.0261467786468397,0.01425787534286185,0.37309946702607755,-0.031681223227214395,0.058171638606468
0.3714285714285714,284,0.9842986677975042,0.3874100108852298,0.9384927162122969,1.029563570066814,0.01570133220249566,0.3874100108852298,-0.030588089834267165,0.0586137656742101
0.39999999999999997,230,1.0274145558836376,0.4003351679719569,0.9775423592384652,1.0802709208734982,-0.027414555883637635,0.4003351679719569,-0.08137451849429533,0.02152065591263097
0.42857142857142855,239,1.0187164473205124,0.3605171215359369,0.9738566990517727,1.06608515047944,-0.018716447320512572,0.3605171215359369,-0.06602600484759893,0.02499053410338444
0.45714285714285713,259,1.049903242652115,0.39764452635715186,1.000487666926396,1.101120450640044,-0.049903242652115,0.39764452635715186,-0.09837282844543438,-0.0017173697787884403
0.4857142857142857,190,1.1111203009564388,0.4699664217054332,1.04768564031653,1.1821005093921382,-0.1111203009564389,0.46996642170543323,-0.181825861774507,-0.047735415153229176
