date,led_period_ms,index,habituation_s,T_mean,T_median,A_R,n_R,n_hab_ifis,T_hab_mean_bs,T_hab_med_bs
05212021,770,2,86.39319659829916,0.7732261192324535,0.70035017508755,0.3913043478260452,19,103,0.6681451837029625,0.6577622144405535
05212021,770,4,41.837585459396365,0.88819143209352,0.7670501917625643,0.022222222222292976,202,23,1.0224667889500305,0.9483074870768715
05222021,700,10,71.8359179589795,0.778686046319862,0.7003501750875785,0.04761904761909491,166,92,0.6480462453448947,0.6438886109721527
05222021,700,8,68.96781724195431,0.9400533600133401,0.7170251792562965,0.04545454545453309,139,62,0.7129008948918901,0.7252626313156577
05232021,700,13,99.58312489578122,0.8720543846802632,0.6753376688344233,0.3076923076922926,71,37,0.6410760936023568,0.5757878939469733
05232021,700,17,71.03551775887944,0.6845528027171429,0.5502751375687751,0.4107142857142466,5,16,0.6227113556778395,0.5701517425379365
05232021,700,19,58.962814740703685,0.7942567775115627,0.5169251292313106,0.30548387096778135,24,14,0.5211716969595909,0.52136068034017
05242021,770,28,73.85359346339837,0.9893835806792282,0.8837752209438037,0.3990094745908772,16,48,0.6262019898838309,0.546039686509922
05242021,850,26,179.0228447557112,0.671462491809286,0.4669001167250144,0.21739130434776155,44,118,0.6720471346784502,0.588994497248625
05252021,600,33,68.36751709187928,0.7549436818866057,0.6003001500750429,0.12639109697930745,50,64,0.7364237674392753,0.6543271635817908
05252021,700,35,81.00717025179256,0.6605154429066368,0.5085876271468948,0.4583333333332742,9,20,0.7331443499527542,0.6670668667667164
05252021,700,37,19.409704852426213,1.1035610397791495,0.9921627480406983,0.22195121951219704,46,6,1.61192818631538,1.602167750541938
05262021,600,40,69.81824245456062,0.7790932503288674,0.6086376521594019,0.15999999999999037,129,85,0.7001389583680729,0.6185759546439885
05262021,600,42,153.69351342337836,0.6470231815577737,0.5002501250625642,0.135632183908098,64,59,0.7601022733589017,0.6259129564782393
05272021,500,45,67.11689177922294,0.9014427848845065,0.5336001334000287,0.22045817021893999,58,65,0.9651825912956477,0.8896448224112056
05272021,500,47,74.12039353009838,0.8851051292517413,0.5336001334000429,0.2272727272726569,119,31,0.9165360458006782,0.8547940636985161
05272021,500,49,69.83491745872936,0.980818277991456,0.9004502251125928,0.447214854111407,34,101,0.5492301706408761,0.545806236451559
05272021,500,51,140.97048524262132,0.7750742539189404,0.5336001334000002,0.19117647058825782,107,59,0.606247568228559,0.5729197932299483
05282021,850,54,76.10471902617975,0.9421377355344305,0.9171252292812966,0.16666666666665475,3,34,0.6470568617642152,0.5653493413373348
05292021,1000,59,82.17442054360514,0.7794527446144297,0.6670001667500856,0.2852836879432775,254,85,0.6012117169695964,0.5435050858762722
05292021,1000,61,67.73386693346673,0.786201681698935,0.5336001334000429,0.1764705882352775,51,95,0.5171696959590908,0.4961814240453558
05292021,1000,63,69.16791729197932,0.9801819677345681,0.8337502084375501,0.285714285714338,53,69,0.7414929687065757,0.6897115224278805
05292021,1000,65,68.45089211272303,0.6051384932535354,0.5336001334000571,0.03225806451623181,191,43,0.9869045633928074,0.9148574287143569
20210521,770,1,180.040020010005,0.9597391288236702,0.7670501917625643,0.027091824502518624,18,74,0.7633261074981931,0.7144572286143074
20210521,770,3,121.72753043188261,1.0665168649898724,0.8587627146906698,0.2413793103448154,99,28,1.183035962425657,1.1918625979656485
20210522,700,11,75.8545939636485,1.008398936310259,0.7170251792562965,0.7222222222222063,7,27,0.8380523595130901,0.7431048857762214
20210522,700,9,67.76721694180424,0.9418042354510606,0.7170251792562965,0.060685249709623634,10,58,0.9111555777888946,0.8334167083541772
20210523,700,18,68.60096715024179,1.1005502751375635,1.2506253126563251,0.20253164556960668,7,39,0.9491968206325385,0.8359179589794901
20210523,850,12,107.47040186760047,0.6949977046136235,0.4502251125562964,0.22115384615385192,44,186,0.5183480629203491,0.45462731365682874
20210523,850,16,98.59929964982491,0.9237952309488093,0.8420877105219304,0.27272727272727415,7,59,0.612773053193263,0.5410038352509586
20210523,850,20,88.29414707353676,0.9076635696125219,0.8337502084375501,0.22807017543864794,137,171,0.4826746706686674,0.47100216775054193
20210524,700,25,64.28214107053527,0.8301769932585336,0.6503251625812965,0.27240143369175945,18,118,0.533488966705575,0.5109554777388695
20210524,850,27,67.15024178756045,0.7213483284852302,0.5002501250625357,0.5050505050505325,12,38,0.7809793785781778,0.6861764215441053
20210525,500,36,69.40136735034184,0.9689368493770709,0.6253126563281697,0.44328493647910955,18,8,0.9605024734589516,0.9468067367016844
20210525,500,38,125.24595631148908,0.8077809396501539,0.5336001334000002,0.12710084033614616,48,31,0.6268467567116898,0.5730531932632992
20210525,600,30,67.90061697515425,0.751433918017209,0.6003001500750429,0.06458333333334598,44,25,0.631160024456673,0.5952309488077374
20210525,600,32,68.38419209604803,0.74354116949185,0.6003001500750429,0.029411764705899346,101,59,0.8981601912067146,0.8218442554610642
20210525,600,34,68.11739202934801,0.7421114687137066,0.5836251459062964,0.06155303030298431,90,10,0.726007448168529,0.6655327663831929
20210526,600,39,69.21794230448558,0.8210049823213091,0.6003001500750429,0.2799999999999918,121,77,0.656506030793174,0.5746539936634983
20210526,600,41,67.23361680840421,0.6882570414336301,0.6003001500750429,0.05405405405403907,182,58,0.6344839086209771,0.5792229448057362
20210526,600,43,68.88444222111056,0.5083088656790401,0.41687510421877505,0.1724137931034564,217,30,0.8274581735312101,0.7377355344338838
20210527,500,46,69.96831749207938,1.0093935856817295,0.7337001834250145,0.3793103448275923,87,30,0.5876049135678951,0.5573786893446723
20210527,500,48,75.9212939803235,0.7925109508159093,0.5336001334000287,0.26906177306798273,68,68,0.9113779111778111,0.8362181090545273
20210527,500,50,70.83541770885442,0.7674031019036852,0.5169251292312822,0.12382075471701376,144,124,0.5229503640709243,0.4988494247123563
20210527,500,52,67.1002167750542,1.3183258295814573,1.2006003001500716,0.6848669975817743,24,52,0.658740481351787,0.5770551942637983
20210527,850,44,84.42554610638653,0.6869253835957524,0.5502751375687467,0.28753753753755046,60,20,0.6300928241898729,0.5881940970485253
20210528,850,53,68.7677171919293,0.5569014492690305,0.4335501083875215,0.03883861236809616,126,19,0.6328052915346561,0.584458896114724
20210528,850,55,77.18859429714857,0.5836251459062869,0.4502251125562964,0.06904761904761397,24,111,0.5324773497860043,0.48360847090211756
20210529,1000,58,67.28364182091046,0.7589065850754827,0.6169751542437893,0.14285714285710105,73,59,0.6086154188205212,0.6085376021344004
20210529,1000,60,72.93646823411706,0.6461564115391029,0.5836251459062964,0.12121212121214153,180,33,0.8296703907509311,0.7466733366683345
20210529,1000,62,69.11789227947307,0.9582255916690737,0.6503251625812823,0.3071928071928562,30,23,0.8876882885887393,0.8456895114223784
20220518,600,66,74.0,0.9259259259259262,0.6333333333333542,0.3125000000000533,15,5,1.4975777777777752,1.544533333333331
20220518,600,69,87.66666666666667,1.1255952380952396,0.9499999999999886,0.36217948717954307,30,12,1.2408000000000006,1.1960666666666666
20220518,600,70,172.93333333333334,1.0848484848484825,0.799999999999983,0.589743589743573,7,25,0.9450222222222203,0.8793333333333314
20220518,700,71,16.933333333333334,0.9196581196581195,0.6666666666666643,0.40298507462686484,23,10,0.9862222222222219,0.9876666666666661
20220518,700,72,141.2,0.8206718346253218,0.6999999999999886,0.41666666666670815,81,45,1.0006444444444451,0.9508000000000009
20220518,770,68,103.83333333333333,0.9456386292834879,0.75,0.5064102564103272,120,74,1.0331111111111104,0.9973333333333327
20220519,500,76,93.33333333333333,0.6479999999999996,0.5333333333333314,0.06666666666660603,19,18,0.5277999999999997,0.5288666666666664
20220519,600,78,137.76666666666665,0.7757575757575762,0.5333333333333314,0.06249999999999667,27,65,0.7860444444444443,0.7182666666666665
20220519,700,74,140.0,0.5250000000000021,0.44999999999998863,0.4166666666665364,9,6,0.5862888888888889,0.5390666666666664
20220519,700,75,60.0,0.5235294117647079,0.46666666666664014,0.3877005347593977,10,5,0.5957555555555555,0.5429333333333329
20220520,600,80,134.6,0.9088888888888865,0.6999999999999886,0.5489510489510522,8,36,0.9006444444444441,0.8201333333333327
20220520,700,79,53.699999999999996,0.6815217391304353,0.46666666666666856,0.235294117647047,45,20,0.8371777777777776,0.7573999999999996
20220521,500,81,50.13333333333333,0.6867924528301885,0.5666666666666629,0.12499999999999334,141,43,0.9658444444444444,0.8834000000000002
20220524,500,82,32.266666666666666,0.5966397849462366,0.5333333333333314,0.06249999999999667,229,65,0.49000000000000005,0.49633333333333324
20220524,500,83,72.6,0.6784552845528454,0.533333333333303,0.06666666666666288,132,103,0.6069111111111112,0.5502666666666667
20220525,600,84,64.76666666666667,0.8998397435897441,0.6500000000000057,0.3500000000000554,81,24,0.7450555555555552,0.6821666666666663
20220526,500,89,128.61666666666667,0.9012820512820426,0.5333333333333314,0.9687499999999749,3,4,1.363711111111109,1.358899999999999
20220526,500,90,66.68333333333334,0.7192528735632182,0.5833333333333286,0.029857397504467365,50,8,0.7125999999999997,0.6805666666666661
20220526,500,91,166.66666666666666,0.7408333333333346,0.5333333333333599,0.5409090909090993,10,6,1.0761111111111068,0.9827999999999935
20220526,600,86,142.05,1.227011494252872,1.4499999999999886,0.48275862068965114,7,13,1.0586999999999975,1.0153999999999967
20220529,300,102,40.0,0.6739393939393938,0.6666666666666572,0.3333333333333175,147,13,1.5231111111111109,1.5987999999999993
20220529,300,104,105.0,0.7628571428571436,0.6666666666666572,0.0732323232323821,48,23,1.3392666666666668,1.3531333333333333
20220529,300,105,157.56666666666666,1.116919191919191,1.0166666666666657,0.461538461538475,95,110,0.9049555555555554,0.8212000000000002
20220529,300,93,100.0,0.7842105263157892,0.6666666666666856,0.1081871345029689,64,3,1.7252888888888926,1.7090666666666705
20220529,300,95,63.56666666666666,0.9042105263157898,0.6333333333333258,0.3518518518518612,141,23,1.0291333333333332,0.9854666666666667
20220529,300,96,60.0,0.7978947368421059,0.6666666666666714,0.3849206349206103,82,4,1.0939333333333323,1.1319999999999986
20220529,300,97,82.3,0.6430711610486897,0.63333333333334,0.2222222222221537,79,46,0.8121111111111113,0.7566666666666667
20220529,400,101,60.0,0.6201388888888899,0.4333333333333371,0.07692307692313749,77,7,1.4939555555555561,1.5136000000000003
20220529,400,103,92.23333333333333,0.9339506172839493,0.6666666666666288,0.21739130434778098,37,54,0.6559777777777779,0.5789333333333335
20220529,400,92,60.199999999999996,0.5515151515151516,0.4333333333333371,0.16666666666665475,90,6,1.3697777777777786,1.3897333333333344
20220529,400,98,100.0,0.6190082644628098,0.4333333333333371,0.14285714285713413,100,9,0.9217111111111098,0.8805333333333317
20220529,400,99,86.66666666666667,1.1386666666666623,1.0666666666666629,0.5932203389830395,11,5,1.3833333333333349,1.3513333333333348
20230523,300,106,165.6,0.7410256410256415,0.6666666666666856,0.052631578947410995,45,12,0.6441111111111106,0.6292666666666659
20230523,300,111,150.26666666666665,0.7852417302798972,0.6999999999999886,0.2500000000000152,109,57,0.8266666666666668,0.8134666666666661
20230523,300,114,201.13333333333333,0.817261904761905,0.6999999999999886,0.11111111111100591,159,162,1.1098000000000001,1.0907333333333342
20230523,400,112,123.5,0.8738738738738703,0.7333333333333485,0.13636363636366455,25,24,0.8225555555555556,0.7851999999999996
20250518,850,115,59.0256,0.8950117647058813,0.5672333333333626,0.5271455816910358,16,33,0.6684789222222223,0.5895556333333336
20250518,850,116,36.56986666666667,0.5742357859531775,0.5338666666666683,0.12973352033660113,348,66,0.5417523222222224,0.5512173333333334
20250518,850,117,57.2405,0.8875930555555552,0.8008000000000237,0.2580645161288939,53,112,0.49924318888888897,0.4973635333333333
20250518,850,118,59.9432,0.9522557971014504,0.6840166666666647,0.3669724770641889,67,97,0.5498715444444446,0.5135130000000006
20250518,850,119,56.289566666666666,1.1964689054726365,1.101099999999974,0.37229437229446377,46,22,0.8736060666666667,0.8280272
20250519,400,120,61.2122,0.6516884087630392,0.46714151352364297,0.38157894736837383,51,84,0.7271168882166308,0.6528969996513055
20250519,400,121,48.9664,0.8784911150355929,0.7424209678527305,0.3875442583099912,152,73,0.6563223804048174,0.6243343249210054
20250519,400,122,57.39175745673254,0.69594656052184,0.48382586228069613,0.10172413793103452,32,44,1.078175347399861,1.0798325900085923
20250519,400,123,55.47287699329345,0.6473384278764771,0.5338743048978358,0.17857142857116348,178,9,1.187114006465804,1.1362847236869869
20250520,300,124,56.0248,0.752349934672316,0.6506757158607854,0.34965277777775755,232,10,0.5417514887595353,0.5109973288560286
20250520,300,125,64.23329693269554,0.8205481379123605,0.6506749559415539,0.7843749999999915,6,81,0.6030366510476111,0.5235764478810003
20250520,300,126,55.80786693485637,0.6317270618475674,0.4337999377509618,0.2776681540429854,169,85,0.5675551621494601,0.5274802753400359
20250520,300,127,55.023670558272826,0.8535926455238421,0.7257518706139763,0.3552631578947407,65,15,1.055304394359888,0.972207195503843
20250520,300,128,47.59926538825478,0.7109052807100008,0.4838341031403388,0.0799999999999863,49,62,0.6143803300037456,0.5186701585664439
20250520,300,129,45.33005745705543,0.6769641341957024,0.4671481813756202,0.15999999999988135,109,82,0.5455067275135035,0.4669479750121709
20250520,300,130,35.3198,0.8370293088068967,0.8008275745161697,0.39583333333332704,41,80,0.43768563728869425,0.4390870855440975
20250520,300,131,46.0642,0.5648418885564863,0.46714920059827136,0.03703703703725192,234,52,0.6220758961966871,0.6073606963778416
20250520,300,132,56.92599282473058,0.6670196282560319,0.48383757090192603,0.1153846153846052,163,42,0.46782087889960305,0.4620815642654568
20250522,1000,133,10.6443,0.9679522476253578,0.717406509829857,0.3043514784945764,200,11,0.6545528015035713,0.6435636909343937
20250522,1000,134,53.47178494525389,1.1477239449586183,1.076109244608034,0.28205128205120134,149,9,0.8343600515170503,0.796587782838094
20250522,1000,136,55.0569,0.8610208969058776,0.6673566360102541,0.19444444444464692,125,60,0.7738333872857156,0.7222800871539217
20250522,1000,137,46.6147,0.7967210257446511,0.6840385977604342,0.16666666666674557,230,49,0.7257593909343878,0.6948163766422014
20250522,1000,138,54.1558,0.7902386691997856,0.6840383091035562,0.06897463002109583,348,57,0.8358169557055497,0.7975886684146767
20250522,1000,139,55.8076,0.9320171865490475,0.7340914167681376,0.27563270603503265,170,37,0.9714921319120163,0.9637619268415035
