date,led_period_ms,index,n_ifi,T_FF_mean,T_FF_median,rho_mean,rho_median
05212021,770,2,27,0.7732261192324535,0.70035017508755,1.0041897652369527,0.9095456819318831
05212021,770,4,219,0.88819143209352,0.7670501917625643,1.1534953663552208,0.9961690802111224
05212021,770,6,294,0.8510491073200999,0.7670501917625216,1.1052585809351947,0.9961690802110671
05222021,700,10,182,0.778686046319862,0.7003501750875785,1.112408637599803,1.0005002501251121
05222021,700,8,160,0.9400533600133401,0.7170251792562965,1.3429333714476288,1.0243216846518521
05232021,700,13,138,0.8720543846802632,0.6753376688344233,1.2457919781146618,0.9647680983348904
05232021,700,17,19,0.6845528027171429,0.5502751375687751,0.9779325753102043,0.7861073393839645
05232021,700,19,57,0.7942567775115627,0.5169251292313106,1.1346525393022324,0.7384644703304438
05242021,770,28,30,0.9893835806792282,0.8837752209438037,1.2849137411418547,1.147760027199745
05242021,850,26,71,0.671462491809286,0.4669001167250144,0.789955872716807,0.5492942549706052
05252021,600,33,73,0.7549436818866057,0.6003001500750429,1.2582394698110095,1.0005002501250715
05252021,700,35,18,0.6605154429066368,0.5085876271468948,0.9435934898666241,0.7265537530669925
05252021,700,37,72,1.1035610397791495,0.9921627480406983,1.5765157711130708,1.4173753543438548
05262021,600,40,162,0.7790932503288674,0.6086376521594019,1.2984887505481124,1.0143960869323365
05262021,600,42,101,0.6470231815577737,0.5002501250625642,1.0783719692629563,0.8337502084376069
05272021,500,45,84,0.9014427848845065,0.5336001334000287,1.802885569769013,1.0672002668000573
05272021,500,47,163,0.8851051292517413,0.5336001334000429,1.7702102585034827,1.0672002668000857
05272021,500,49,61,0.980818277991456,0.9004502251125928,1.961636555982912,1.8009004502251855
05272021,500,51,133,0.7750742539189404,0.5336001334000002,1.5501485078378807,1.0672002668000005
05292021,1000,59,402,0.7794527446144297,0.6670001667500856,0.7794527446144297,0.6670001667500856
05292021,1000,61,101,0.786201681698935,0.5336001334000429,0.786201681698935,0.5336001334000429
05292021,1000,63,119,0.9801819677345681,0.8337502084375501,0.9801819677345681,0.8337502084375501
05292021,1000,65,386,0.6051384932535354,0.5336001334000571,0.6051384932535354,0.5336001334000571
20210521,770,1,27,0.9597391288236702,0.7670501917625643,1.2464144530177534,0.9961690802111224
20210521,770,3,122,1.0665168649898724,0.8587627146906698,1.385086837649185,1.1152762528450257
20210521,770,5,162,0.8840840173173012,0.7670501917625359,1.1481610614510405,0.9961690802110855
20210522,700,11,19,1.008398936310259,0.7170251792562965,1.4405699090146558,1.0243216846518521
20210522,700,9,25,0.9418042354510606,0.7170251792562965,1.3454346220729438,1.0243216846518521
20210523,700,18,15,1.1005502751375635,1.2506253126563251,1.572214678767948,1.786607589509036
20210523,850,12,81,0.6949977046136235,0.4502251125562964,0.8176443583689689,0.5296766030074075
20210523,850,16,10,0.9237952309488093,0.8420877105219304,1.0868179187633051,0.9906914241434476
20210523,850,20,178,0.9076635696125219,0.8337502084375501,1.0678394936617905,0.9808825981618237
20210524,700,25,28,0.8301769932585336,0.6503251625812965,1.1859671332264765,0.9290359465447093
20210524,850,27,27,0.7213483284852302,0.5002501250625357,0.848645092335565,0.5885295588971009
20210525,500,36,28,0.9689368493770709,0.6253126563281697,1.9378736987541418,1.2506253126563394
20210525,500,38,61,0.8077809396501539,0.5336001334000002,1.6155618793003077,1.0672002668000005
20210525,600,30,63,0.751433918017209,0.6003001500750429,1.2523898633620152,1.0005002501250715
20210525,600,32,122,0.74354116949185,0.6003001500750429,1.2392352824864168,1.0005002501250715
20210525,600,34,113,0.7421114687137066,0.5836251459062964,1.2368524478561778,0.9727085765104941
20210526,600,39,157,0.8210049823213091,0.6003001500750429,1.368341637202182,1.0005002501250715
20210526,600,41,222,0.6882570414336301,0.6003001500750429,1.1470950690560502,1.0005002501250715
20210526,600,43,329,0.5083088656790401,0.41687510421877505,0.8471814427984002,0.6947918403646252
20210527,500,46,120,1.0093935856817295,0.7337001834250145,2.018787171363459,1.467400366850029
20210527,500,48,93,0.7925109508159093,0.5336001334000287,1.5850219016318186,1.0672002668000573
20210527,500,50,189,0.7674031019036852,0.5169251292312822,1.5348062038073704,1.0338502584625644
20210527,500,52,50,1.3183258295814573,1.2006003001500716,2.6366516591629146,2.401200600300143
20210527,850,44,118,0.6869253835957524,0.5502751375687467,0.8081475101126498,0.6473825147867608
20210528,770,57,8,0.8149908287477086,0.4752376188094303,1.0584296477242967,0.6171917127395198
20210528,850,53,229,0.5569014492690305,0.4335501083875215,0.6551781756106242,0.510058951044143
20210528,850,55,46,0.5836251459062869,0.4502251125562964,0.6866178187132788,0.5296766030074075
20210529,1000,58,129,0.7589065850754827,0.6169751542437893,0.7589065850754827,0.6169751542437893
20210529,1000,60,344,0.6461564115391029,0.5836251459062964,0.6461564115391029,0.5836251459062964
20210529,1000,62,71,0.9582255916690737,0.6503251625812823,0.9582255916690737,0.6503251625812823
20220518,600,66,36,0.9259259259259262,0.6333333333333542,1.5432098765432103,1.0555555555555904
20220518,600,69,56,1.1255952380952396,0.9499999999999886,1.8759920634920662,1.5833333333333144
20220518,600,70,22,1.0848484848484825,0.799999999999983,1.8080808080808042,1.333333333333305
20220518,700,71,39,0.9196581196581195,0.6666666666666643,1.3137973137973136,0.9523809523809491
20220518,700,72,129,0.8206718346253218,0.6999999999999886,1.1723883351790312,0.9999999999999838
20220518,770,67,9,1.1555555555555657,1.1000000000000227,1.5007215007215138,1.4285714285714581
20220518,770,68,214,0.9456386292834879,0.75,1.2281021159525816,0.974025974025974
20220518,770,73,159,0.975471698113207,0.7999999999999545,1.266846361185983,1.0389610389609798
20220519,500,76,25,0.6479999999999996,0.5333333333333314,1.2959999999999992,1.0666666666666629
20220519,600,78,44,0.7757575757575762,0.5333333333333314,1.2929292929292937,0.8888888888888857
20220519,700,74,16,0.5250000000000021,0.44999999999998863,0.7500000000000031,0.6428571428571267
20220519,700,75,17,0.5235294117647079,0.46666666666664014,0.7478991596638684,0.6666666666666288
20220520,600,80,15,0.9088888888888865,0.6999999999999886,1.5148148148148108,1.1666666666666479
20220520,700,79,92,0.6815217391304353,0.46666666666666856,0.9736024844720506,0.6666666666666694
20220521,500,81,159,0.6867924528301885,0.5666666666666629,1.373584905660377,1.1333333333333258
20220524,500,82,248,0.5966397849462366,0.5333333333333314,1.1932795698924732,1.0666666666666629
20220524,500,83,164,0.6784552845528454,0.533333333333303,1.3569105691056909,1.066666666666606
20220525,600,84,104,0.8998397435897441,0.6500000000000057,1.4997329059829068,1.0833333333333428
20220525,700,85,15,1.206666666666668,1.2666666666667084,1.723809523809526,1.8095238095238693
20220526,1000,88,38,0.8127192982456142,0.5416666666666714,0.8127192982456142,0.5416666666666714
20220526,500,87,64,0.7536458333333329,0.5500000000000025,1.5072916666666658,1.100000000000005
20220526,500,89,13,0.9012820512820426,0.5333333333333314,1.8025641025640853,1.0666666666666629
20220526,500,90,58,0.7192528735632182,0.5833333333333286,1.4385057471264364,1.1666666666666572
20220526,500,91,20,0.7408333333333346,0.5333333333333599,1.4816666666666691,1.0666666666667197
20220526,600,86,29,1.227011494252872,1.4499999999999886,2.04501915708812,2.416666666666648
20220529,300,102,165,0.6739393939393938,0.6666666666666572,2.2464646464646463,2.222222222222191
20220529,300,104,70,0.7628571428571436,0.6666666666666572,2.5428571428571454,2.222222222222191
20220529,300,105,132,1.116919191919191,1.0166666666666657,3.72306397306397,3.3888888888888857
20220529,300,93,76,0.7842105263157892,0.6666666666666856,2.6140350877192975,2.2222222222222854
20220529,300,95,190,0.9042105263157898,0.6333333333333258,3.0140350877192996,2.111111111111086
20220529,300,96,95,0.7978947368421059,0.6666666666666714,2.6596491228070196,2.2222222222222383
20220529,300,97,89,0.6430711610486897,0.63333333333334,2.1435705368289657,2.1111111111111334
20220529,400,100,108,0.6373456790123451,0.4333333333333371,1.5933641975308626,1.0833333333333428
20220529,400,101,96,0.6201388888888899,0.4333333333333371,1.5503472222222248,1.0833333333333428
20220529,400,103,54,0.9339506172839493,0.6666666666666288,2.334876543209873,1.666666666666572
20220529,400,92,99,0.5515151515151516,0.4333333333333371,1.378787878787879,1.0833333333333428
20220529,400,98,121,0.6190082644628098,0.4333333333333371,1.5475206611570242,1.0833333333333428
20220529,400,99,25,1.1386666666666623,1.0666666666666629,2.8466666666666556,2.666666666666657
20230523,300,106,52,0.7410256410256415,0.6666666666666856,2.470085470085472,2.2222222222222854
20230523,300,111,131,0.7852417302798972,0.6999999999999886,2.617472434266324,2.3333333333332957
20230523,300,114,168,0.817261904761905,0.6999999999999886,2.72420634920635,2.3333333333332957
20230523,400,107,241,0.9832641770401102,0.7333333333333485,2.4581604426002754,1.8333333333333712
20230523,400,109,139,1.0858513189448458,0.8333333333333712,2.7146282973621143,2.083333333333428
20230523,400,112,37,0.8738738738738703,0.7333333333333485,2.1846846846846755,1.8333333333333712
20250518,850,115,34,0.8950117647058813,0.5672333333333626,1.052955017301037,0.6673333333333678
20250518,850,116,598,0.5742357859531775,0.5338666666666683,0.6755715128860912,0.6280784313725509
20250518,850,117,84,0.8875930555555552,0.8008000000000237,1.0442271241830061,0.9421176470588515
20250518,850,118,115,0.9522557971014504,0.6840166666666647,1.1203009377664122,0.8047254901960762
20250518,850,119,67,1.1964689054726365,1.101099999999974,1.4076104770266313,1.2954117647058518
20250519,400,120,65,0.6516884087630392,0.46714151352364297,1.629221021907598,1.1678537838091074
20250519,400,121,186,0.8784911150355929,0.7424209678527305,2.196227787588982,1.8560524196318262
20250519,400,122,35,0.69594656052184,0.48382586228069613,1.7398664013046,1.2095646557017403
20250519,400,123,211,0.6473384278764771,0.5338743048978358,1.6183460696911927,1.3346857622445896
20250520,300,124,255,0.752349934672316,0.6506757158607854,2.5078331155743867,2.1689190528692848
20250520,300,125,11,0.8205481379123605,0.6506749559415539,2.7351604597078683,2.1689165198051796
20250520,300,126,199,0.6317270618475674,0.4337999377509618,2.105756872825225,1.4459997925032062
20250520,300,127,80,0.8535926455238421,0.7257518706139763,2.845308818412807,2.4191729020465877
20250520,300,128,59,0.7109052807100008,0.4838341031403388,2.369684269033336,1.6127803438011294
20250520,300,129,125,0.6769641341957024,0.4671481813756202,2.256547113985675,1.5571606045854007
20250520,300,130,106,0.8370293088068967,0.8008275745161697,2.7900976960229893,2.6694252483872325
20250520,300,131,263,0.5648418885564863,0.46714920059827136,1.8828062951882878,1.5571640019942379
20250520,300,132,195,0.6670196282560319,0.48383757090192603,2.22339876085344,1.6127919030064202
20250522,1000,133,290,0.9679522476253578,0.717406509829857,0.9679522476253578,0.717406509829857
20250522,1000,134,212,1.1477239449586183,1.076109244608034,1.1477239449586183,1.076109244608034
20250522,1000,136,204,0.8610208969058776,0.6673566360102541,0.8610208969058776,0.6673566360102541
20250522,1000,137,378,0.7967210257446511,0.6840385977604342,0.7967210257446511,0.6840385977604342
20250522,1000,138,550,0.7902386691997856,0.6840383091035562,0.7902386691997856,0.6840383091035562
20250522,1000,139,256,0.9320171865490475,0.7340914167681376,0.9320171865490475,0.7340914167681376
