bin_center,n,mean_Z,sd_Z_per_bin
-0.4857142857142857,220,-0.10813978502008327,0.4628776705519046
-0.45714285714285713,231,-0.09947723947866231,0.3803987738497139
-0.42857142857142855,201,-0.06606049471638951,0.297479153412082
-0.4,202,-0.13714754641971363,0.43268839991851604
-0.37142857142857144,223,-0.06002391239274515,0.3138910726284601
-0.34285714285714286,207,-0.13349699921969446,0.3728047288216097
-0.3142857142857143,215,-0.1048417980105787,0.3643856269601049
-0.28571428571428575,166,-0.1385186689255786,0.48163366621599
-0.2571428571428572,205,-0.16419829239826603,0.4036172475489527
-0.2285714285714286,201,-0.12188732467298147,0.3878567354798101
-0.2,187,-0.1315329736570408,0.337523710556432
-0.17142857142857143,157,-0.152469610400651,0.46211501086942663
-0.14285714285714285,161,-0.1312150550447377,0.39284200914156486
-0.1142857142857143,149,-0.10899040280567722,0.2562579864237881
-0.08571428571428574,117,-0.2200810417060667,0.47978614620693427
-0.05714285714285716,108,-0.21764545532800655,0.40366774182554466
-0.02857142857142858,60,-0.3245822175889034,0.5645995280286544
-2.7755575615628914e-17,162,0.1589503952090732,0.7142006805253197
0.028571428571428525,284,0.4164876840027785,0.5076179705432706
0.057142857142857106,302,0.23372482115141413,0.5344315090780004
0.08571428571428569,285,0.1909616288896633,0.5317129764401347
0.11428571428571427,271,0.21262622848011226,0.4683062710302678
0.14285714285714285,288,0.16915238781601083,0.4510364422252835
0.17142857142857143,222,0.17446486451842813,0.38172859331591596
0.2,279,0.10604842161818673,0.42790964351977956
0.2285714285714286,284,0.09404410514259119,0.3702988267655169
0.2571428571428571,256,0.06566505956920379,0.3662783207629986
0.28571428571428564,238,0.061966331423296446,0.38576428090948733
0.3142857142857142,225,0.03813310766529244,0.4966881423499738
0.3428571428571428,276,0.01425787534286185,0.37309946702607755
0.3714285714285714,284,0.01570133220249566,0.3874100108852298
0.39999999999999997,230,-0.027414555883637635,0.4003351679719569
0.42857142857142855,239,-0.018716447320512572,0.3605171215359369
0.45714285714285713,259,-0.049903242652115,0.39764452635715186
0.4857142857142857,190,-0.1111203009564389,0.46996642170543323
