subset,lobe,n,trials,mean_R,ci95_lo,ci95_hi,median_Tnext_over_Thab,median_Tprev_over_Thab,median_Tnext_s,median_Tprev_s
full scope (manuscript),advance side (0 < phi < 0.25),2372,108,0.7908092653920583,0.7502601613653341,0.8297821069466896,0.9999999999999556,1.1846590909090797,0.5839250209820364,0.7503751875937932
full scope (manuscript),delay side (-0.25 < phi < 0),1212,96,1.1597317674473595,1.1228672019726658,1.2055278126128794,0.9729729729729811,0.9428571428571038,0.6003001500750429,0.5668084042020922
"strict: 0 in T_prev, 1 in T_next",advance side (0 < phi < 0.25),527,67,1.0993319095089054,1.0752156233627639,1.1289015511713336,0.9655172413792759,0.9111111111111544,0.56695014173755,0.5502751375687751
"strict: 0 in T_prev, 1 in T_next",delay side (-0.25 < phi < 0),113,34,1.214220029847684,1.1446883494728526,1.3427519848992222,0.8250000000000279,0.7999999999999496,0.5169251292312822,0.4502251125563248
exactly 1 in T_next (any T_prev),advance side (0 < phi < 0.25),2030,107,0.7718951291847821,0.7303928113569805,0.8125213075048331,0.976190476190425,1.1612903225806273,0.5672333333333768,0.7337001834250287
exactly 1 in T_next (any T_prev),delay side (-0.25 < phi < 0),1047,88,1.125257059411473,1.0956266877529266,1.1623230540175808,0.9729729729729811,0.9555555555556434,0.600599999999929,0.56695014173755
">=1 in T_prev, 1 in T_next",advance side (0 < phi < 0.25),1503,105,0.6570852933692046,0.6171306396523645,0.6940906375906569,0.9999999999999467,1.7755102040816333,0.583625145906268,1.0338502584625644
">=1 in T_prev, 1 in T_next",delay side (-0.25 < phi < 0),934,83,1.1144938734807537,1.0838411210311998,1.1524988908896319,0.9999999999999448,0.9729729729729351,0.6169751542437893,0.600300150074986
2 in T_next,advance side (0 < phi < 0.25),342,76,0.903077383815364,0.8178855846264496,1.010755688234711,1.0830242006712583,1.4513605442176238,0.7088728585287782,0.9176163210535293
2 in T_next,delay side (-0.25 < phi < 0),165,48,1.3784894602568938,1.2348966943144886,1.58655202143102,1.0131578947368585,0.8458254269450171,0.5672414489540074,0.46714920059827136
