subset,bin_center,n,mean_R,sem_R
full scope (manuscript),-0.4857142857142857,220,1.1081397850200831,0.031207206182339995
full scope (manuscript),-0.45714285714285713,231,1.0994772394786625,0.02502840180150371
full scope (manuscript),-0.42857142857142855,201,1.0660604947163896,0.02098256166685394
full scope (manuscript),-0.4,202,1.1371475464197136,0.03044384958159465
full scope (manuscript),-0.37142857142857144,223,1.060023912392745,0.021019700931410576
full scope (manuscript),-0.34285714285714286,207,1.1334969992196944,0.0259117198626482
full scope (manuscript),-0.3142857142857143,215,1.1048417980105787,0.024850893497119112
full scope (manuscript),-0.28571428571428575,166,1.1385186689255786,0.03738202232314091
full scope (manuscript),-0.2571428571428572,205,1.1641982923982659,0.028189851358331807
full scope (manuscript),-0.2285714285714286,201,1.1218873246729817,0.027357304795191207
full scope (manuscript),-0.2,187,1.1315329736570408,0.0246821782018986
full scope (manuscript),-0.17142857142857143,157,1.1524696104006509,0.03688079292905021
full scope (manuscript),-0.14285714285714285,161,1.1312150550447377,0.030960287541234317
full scope (manuscript),-0.1142857142857143,149,1.1089904028056774,0.02099347223663021
full scope (manuscript),-0.08571428571428574,117,1.2200810417060666,0.04435624490785548
full scope (manuscript),-0.05714285714285716,108,1.2176454553280065,0.03884294656769109
full scope (manuscript),-0.02857142857142858,60,1.3245822175889035,0.07288948564438487
full scope (manuscript),-2.7755575615628914e-17,162,0.8410496047909267,0.05611290492527783
full scope (manuscript),0.028571428571428525,284,0.5835123159972215,0.030121584840517062
full scope (manuscript),0.057142857142857106,302,0.7662751788485859,0.030753077587626236
full scope (manuscript),0.08571428571428569,285,0.8090383711103367,0.03149595848842605
full scope (manuscript),0.11428571428571427,271,0.7873737715198877,0.028447580036137562
full scope (manuscript),0.14285714285714285,288,0.8308476121839892,0.026577577238312704
full scope (manuscript),0.17142857142857143,222,0.825535135481572,0.025619945685230874
full scope (manuscript),0.2,279,0.8939515783818132,0.02561828025484653
full scope (manuscript),0.2285714285714286,284,0.9059558948574088,0.021973192782800927
full scope (manuscript),0.2571428571428571,256,0.9343349404307961,0.022892395047687412
full scope (manuscript),0.28571428571428564,238,0.9380336685767036,0.025005384329895283
full scope (manuscript),0.3142857142857142,225,0.9618668923347076,0.033112542823331585
full scope (manuscript),0.3428571428571428,276,0.9857421246571382,0.02245794881189008
full scope (manuscript),0.3714285714285714,284,0.9842986677975042,0.022988554755963588
full scope (manuscript),0.39999999999999997,230,1.0274145558836376,0.026397319257433084
full scope (manuscript),0.42857142857142855,239,1.0187164473205124,0.023319913996173818
full scope (manuscript),0.45714285714285713,259,1.049903242652115,0.02470842862942015
full scope (manuscript),0.4857142857142857,190,1.1111203009564388,0.03409494772964781
"strict: 0 in T_prev, 1 in T_next",-0.4857142857142857,35,1.1931356413754972,0.06095004918557871
"strict: 0 in T_prev, 1 in T_next",-0.45714285714285713,38,1.184266297956136,0.07713131149171679
"strict: 0 in T_prev, 1 in T_next",-0.42857142857142855,38,1.0859483798265799,0.03365835724688195
"strict: 0 in T_prev, 1 in T_next",-0.4,25,1.1433802912741455,0.07483012357962526
"strict: 0 in T_prev, 1 in T_next",-0.37142857142857144,39,1.0993829333696041,0.04689979532039899
"strict: 0 in T_prev, 1 in T_next",-0.34285714285714286,29,1.1790610817958809,0.055273559292315734
"strict: 0 in T_prev, 1 in T_next",-0.3142857142857143,18,1.3734287957790516,0.17391618396406258
"strict: 0 in T_prev, 1 in T_next",-0.28571428571428575,18,1.3641714976752723,0.14544508775021528
"strict: 0 in T_prev, 1 in T_next",-0.2571428571428572,26,1.3435242115887127,0.08239555663069827
"strict: 0 in T_prev, 1 in T_next",-0.2285714285714286,26,1.1766259763015652,0.07783930285676674
"strict: 0 in T_prev, 1 in T_next",-0.2,18,1.2323643453472959,0.11979756272088597
"strict: 0 in T_prev, 1 in T_next",-0.17142857142857143,14,1.1870618934669166,0.07761566577690251
"strict: 0 in T_prev, 1 in T_next",-0.14285714285714285,17,1.1235529862709708,0.08352592485335669
"strict: 0 in T_prev, 1 in T_next",-0.1142857142857143,11,1.17561253561259,0.0864290398865186
"strict: 0 in T_prev, 1 in T_next",-0.08571428571428574,5,1.2679205955335064,0.17891985355845194
"strict: 0 in T_prev, 1 in T_next",-0.05714285714285716,3,,
"strict: 0 in T_prev, 1 in T_next",-0.02857142857142858,8,1.2204204374057657,0.11666454614856413
"strict: 0 in T_prev, 1 in T_next",-2.7755575615628914e-17,31,1.4280642530930423,0.11149328842375143
"strict: 0 in T_prev, 1 in T_next",0.028571428571428525,73,1.0313751035809489,0.028493390740183745
"strict: 0 in T_prev, 1 in T_next",0.057142857142857106,67,1.0890252591642215,0.03854414389828243
"strict: 0 in T_prev, 1 in T_next",0.08571428571428569,71,1.0861733656338746,0.028988213715634658
"strict: 0 in T_prev, 1 in T_next",0.11428571428571427,61,1.1167149428050471,0.0454808231854373
"strict: 0 in T_prev, 1 in T_next",0.14285714285714285,61,1.0918505658080515,0.040252004292499775
"strict: 0 in T_prev, 1 in T_next",0.17142857142857143,47,1.0706030211660165,0.023828813961744993
"strict: 0 in T_prev, 1 in T_next",0.2,65,1.096484503464138,0.03358564155237559
"strict: 0 in T_prev, 1 in T_next",0.2285714285714286,59,1.11493310711602,0.03951780531818559
"strict: 0 in T_prev, 1 in T_next",0.2571428571428571,51,1.1140946673155294,0.04027569352404326
"strict: 0 in T_prev, 1 in T_next",0.28571428571428564,51,1.0915894569239077,0.030223021310760614
"strict: 0 in T_prev, 1 in T_next",0.3142857142857142,46,1.0633840708979314,0.03458123568147915
"strict: 0 in T_prev, 1 in T_next",0.3428571428571428,57,1.1543717378928007,0.04343528706411658
"strict: 0 in T_prev, 1 in T_next",0.3714285714285714,55,1.0862919934099486,0.03451228688416247
"strict: 0 in T_prev, 1 in T_next",0.39999999999999997,50,1.19868623062027,0.048302226764778924
"strict: 0 in T_prev, 1 in T_next",0.42857142857142855,47,1.1891730530247906,0.05118877761806442
"strict: 0 in T_prev, 1 in T_next",0.45714285714285713,63,1.1397688611082433,0.039961611749716755
"strict: 0 in T_prev, 1 in T_next",0.4857142857142857,39,1.3080063694764108,0.05974068375251919
exactly 1 in T_next (any T_prev),-0.4857142857142857,189,1.0500434175281668,0.022777039492030703
exactly 1 in T_next (any T_prev),-0.45714285714285713,212,1.0503047430879282,0.020032963072880047
exactly 1 in T_next (any T_prev),-0.42857142857142855,186,1.0536465808884115,0.01967532087977876
exactly 1 in T_next (any T_prev),-0.4,183,1.0743390206673882,0.019706008769612253
exactly 1 in T_next (any T_prev),-0.37142857142857144,200,1.0338471209662203,0.017461854790500945
exactly 1 in T_next (any T_prev),-0.34285714285714286,178,1.0856806947014943,0.019097004524001385
exactly 1 in T_next (any T_prev),-0.3142857142857143,179,1.096688507050595,0.026208339133270427
exactly 1 in T_next (any T_prev),-0.28571428571428575,132,1.0934766968461838,0.033899266954237395
exactly 1 in T_next (any T_prev),-0.2571428571428572,160,1.1794722410983742,0.03443419036774654
exactly 1 in T_next (any T_prev),-0.2285714285714286,161,1.0953509949674805,0.027097845629344388
exactly 1 in T_next (any T_prev),-0.2,162,1.099051720293835,0.022538659056163233
exactly 1 in T_next (any T_prev),-0.17142857142857143,131,1.134563984836279,0.0396872111603464
exactly 1 in T_next (any T_prev),-0.14285714285714285,147,1.0796284118215318,0.02148808611498594
exactly 1 in T_next (any T_prev),-0.1142857142857143,134,1.0971965832139976,0.02199197251630492
exactly 1 in T_next (any T_prev),-0.08571428571428574,106,1.161772816312789,0.03541495829608515
exactly 1 in T_next (any T_prev),-0.05714285714285716,99,1.1912657797057897,0.03550478691341562
exactly 1 in T_next (any T_prev),-0.02857142857142858,49,1.2303753862937985,0.07058992836542216
exactly 1 in T_next (any T_prev),-2.7755575615628914e-17,144,0.7988072557675895,0.0585010788492731
exactly 1 in T_next (any T_prev),0.028571428571428525,256,0.5796493171939223,0.03011501511952673
exactly 1 in T_next (any T_prev),0.057142857142857106,270,0.7558747689275375,0.031107188054944297
exactly 1 in T_next (any T_prev),0.08571428571428569,249,0.7975187483021274,0.03060575442445456
exactly 1 in T_next (any T_prev),0.11428571428571427,228,0.7854328712218389,0.030936599327265887
exactly 1 in T_next (any T_prev),0.14285714285714285,249,0.8121851934352484,0.024577932962686205
exactly 1 in T_next (any T_prev),0.17142857142857143,176,0.8240473166277663,0.027149752939039786
exactly 1 in T_next (any T_prev),0.2,235,0.8575168135193859,0.02516977016202671
exactly 1 in T_next (any T_prev),0.2285714285714286,228,0.8742070362361886,0.0237112074165586
exactly 1 in T_next (any T_prev),0.2571428571428571,213,0.9067777208773719,0.022839644134401652
exactly 1 in T_next (any T_prev),0.28571428571428564,194,0.9010267408000008,0.026020346008545626
exactly 1 in T_next (any T_prev),0.3142857142857142,194,0.8884148733829375,0.023078681567455992
exactly 1 in T_next (any T_prev),0.3428571428571428,245,0.9489212207457763,0.019793986276350626
exactly 1 in T_next (any T_prev),0.3714285714285714,256,0.971430335277379,0.021521907024099198
exactly 1 in T_next (any T_prev),0.39999999999999997,193,0.999744910877154,0.023513692247225264
exactly 1 in T_next (any T_prev),0.42857142857142855,213,0.9948833771396763,0.022160208737520816
exactly 1 in T_next (any T_prev),0.45714285714285713,233,1.0214902572301883,0.022034013212148266
exactly 1 in T_next (any T_prev),0.4857142857142857,173,1.0887580590707304,0.029503198934488165
">=1 in T_prev, 1 in T_next",-0.4857142857142857,154,1.0175224575628645,0.023609374925008433
">=1 in T_prev, 1 in T_next",-0.45714285714285713,174,1.0210487713351013,0.017055461087420405
">=1 in T_prev, 1 in T_next",-0.42857142857142855,148,1.0453528757556387,0.023168401359069665
">=1 in T_prev, 1 in T_next",-0.4,158,1.0634147689891038,0.019503492246320895
">=1 in T_prev, 1 in T_next",-0.37142857142857144,161,1.0179719862846552,0.018343470855896715
">=1 in T_prev, 1 in T_next",-0.34285714285714286,149,1.067505988488493,0.01987080670021645
">=1 in T_prev, 1 in T_next",-0.3142857142857143,161,1.0657485989939974,0.020755423211724574
">=1 in T_prev, 1 in T_next",-0.28571428571428575,114,1.050735412504749,0.030356333376961475
">=1 in T_prev, 1 in T_next",-0.2571428571428572,134,1.1476412617495022,0.037390601254115106
">=1 in T_prev, 1 in T_next",-0.2285714285714286,135,1.0796980355994346,0.02857616985561785
">=1 in T_prev, 1 in T_next",-0.2,144,1.0823876421621523,0.020314628344574124
">=1 in T_prev, 1 in T_next",-0.17142857142857143,117,1.1282821838035533,0.043501949045657164
">=1 in T_prev, 1 in T_next",-0.14285714285714285,130,1.0738844290089127,0.021807281119101515
">=1 in T_prev, 1 in T_next",-0.1142857142857143,123,1.0901837744629042,0.022687851938276906
">=1 in T_prev, 1 in T_next",-0.08571428571428574,101,1.156517975757308,0.03623368667291665
">=1 in T_prev, 1 in T_next",-0.05714285714285716,96,1.1808524530037916,0.03498875634332211
">=1 in T_prev, 1 in T_next",-0.02857142857142858,41,1.2323178153451217,0.08173696706688804
">=1 in T_prev, 1 in T_next",-2.7755575615628914e-17,113,0.6261792299526423,0.058472054825787545
">=1 in T_prev, 1 in T_next",0.028571428571428525,183,0.39945269202314126,0.031996501143553964
">=1 in T_prev, 1 in T_next",0.057142857142857106,203,0.645918695795233,0.0362285753309534
">=1 in T_prev, 1 in T_next",0.08571428571428569,178,0.6823812324001384,0.0379570874963078
">=1 in T_prev, 1 in T_next",0.11428571428571427,167,0.6644256474698884,0.03440969244229623
">=1 in T_prev, 1 in T_next",0.14285714285714285,188,0.7214427055908815,0.026695440392928177
">=1 in T_prev, 1 in T_next",0.17142857142857143,129,0.7342169436564658,0.032626902524635945
">=1 in T_prev, 1 in T_next",0.2,170,0.7661468144228631,0.029506649544031812
">=1 in T_prev, 1 in T_next",0.2285714285714286,169,0.7901665736213358,0.025965256822038978
">=1 in T_prev, 1 in T_next",0.2571428571428571,162,0.8415112747764705,0.025180198285217475
">=1 in T_prev, 1 in T_next",0.28571428571428564,143,0.8330638140704956,0.03178017095633634
">=1 in T_prev, 1 in T_next",0.3142857142857142,148,0.8340325552363854,0.026795838322284948
">=1 in T_prev, 1 in T_next",0.3428571428571428,188,0.886630372461838,0.020143118817771977
">=1 in T_prev, 1 in T_next",0.3714285714285714,201,0.9400005283256809,0.025321546047683895
">=1 in T_prev, 1 in T_next",0.39999999999999997,143,0.9301850088690716,0.024411847324056067
">=1 in T_prev, 1 in T_next",0.42857142857142855,166,0.9398736496300358,0.022795982964499254
">=1 in T_prev, 1 in T_next",0.45714285714285713,170,0.9776575981459678,0.025579585156831636
">=1 in T_prev, 1 in T_next",0.4857142857142857,134,1.0249469836541518,0.03194868191768311
2 in T_next,-0.4857142857142857,31,1.4623402190837027,0.16051371854804264
2 in T_next,-0.45714285714285713,19,1.6481387781542223,0.16310000504608219
2 in T_next,-0.42857142857142855,15,1.2199930261833147,0.13790849899254928
2 in T_next,-0.4,18,1.7749868663694544,0.23327920871150182
2 in T_next,-0.37142857142857144,23,1.287648185666874,0.12891089297905875
2 in T_next,-0.34285714285714286,29,1.4269901786762331,0.1324061439042246
2 in T_next,-0.3142857142857143,36,1.1453817725060533,0.07159139076465473
2 in T_next,-0.28571428571428575,34,1.313387501704405,0.12344015930753847
2 in T_next,-0.2571428571428572,45,1.1098909192423263,0.03826019640403197
2 in T_next,-0.2285714285714286,40,1.228696051737623,0.08243676292789208
2 in T_next,-0.2,25,1.3420114954506135,0.1053697369496474
2 in T_next,-0.17142857142857143,26,1.2426864161288331,0.09795372199197794
2 in T_next,-0.14285714285714285,14,1.6728748088884016,0.23770225249206317
2 in T_next,-0.1142857142857143,15,1.2143485244913483,0.06597940334419441
2 in T_next,-0.08571428571428574,11,1.781960304586743,0.28460426564937236
2 in T_next,-0.05714285714285716,9,1.5078218871723925,0.24660024033990804
2 in T_next,-0.02857142857142858,11,1.7442308297216436,0.2070504745446739
2 in T_next,-2.7755575615628914e-17,18,1.1789883969776254,0.17468109208621962
2 in T_next,0.028571428571428525,28,0.6188311621988131,0.1345195563683445
2 in T_next,0.057142857142857106,32,0.854028637557432,0.1246534016186444
2 in T_next,0.08571428571428569,36,0.8887157622004507,0.13269689624981137
2 in T_next,0.11428571428571427,43,0.7976650568211707,0.0731895311579341
2 in T_next,0.14285714285714285,39,0.9499999780413342,0.11744662446636295
2 in T_next,0.17142857142857143,46,0.8312276597917844,0.06773975086926046
2 in T_next,0.2,44,1.0885463452606865,0.08629200964004322
2 in T_next,0.2285714285714286,56,1.0352191049580919,0.05266117050471305
2 in T_next,0.2571428571428571,43,1.0708393070558972,0.07325739688934205
2 in T_next,0.28571428571428564,44,1.101200577410347,0.06695348554871977
2 in T_next,0.3142857142857142,31,1.4215343657748176,0.17264933332856708
2 in T_next,0.3428571428571428,31,1.2767460426662893,0.11312576833683641
2 in T_next,0.3714285714285714,28,1.1019519936957924,0.12497249620793367
2 in T_next,0.39999999999999997,37,1.171745406863403,0.10715707406086894
2 in T_next,0.42857142857142855,26,1.2139642914942852,0.10846019918213093
2 in T_next,0.45714285714285713,26,1.3045273043178445,0.13965576826579376
2 in T_next,0.4857142857142857,17,1.3386889977933536,0.2338650592897106
strict @ 600 ms,-0.4857142857142857,4,,
strict @ 600 ms,-0.45714285714285713,0,,
strict @ 600 ms,-0.42857142857142855,3,,
strict @ 600 ms,-0.4,1,,
strict @ 600 ms,-0.37142857142857144,3,,
strict @ 600 ms,-0.34285714285714286,1,,
strict @ 600 ms,-0.3142857142857143,0,,
strict @ 600 ms,-0.28571428571428575,1,,
strict @ 600 ms,-0.2571428571428572,0,,
strict @ 600 ms,-0.2285714285714286,1,,
strict @ 600 ms,-0.2,1,,
strict @ 600 ms,-0.17142857142857143,0,,
strict @ 600 ms,-0.14285714285714285,0,,
strict @ 600 ms,-0.1142857142857143,1,,
strict @ 600 ms,-0.08571428571428574,0,,
strict @ 600 ms,-0.05714285714285716,0,,
strict @ 600 ms,-0.02857142857142858,0,,
strict @ 600 ms,-2.7755575615628914e-17,2,,
strict @ 600 ms,0.028571428571428525,16,1.0242228933299073,0.03118557599079747
strict @ 600 ms,0.057142857142857106,12,0.9714751800541482,0.03772841798774013
strict @ 600 ms,0.08571428571428569,12,1.1108496921844135,0.056565243073339856
strict @ 600 ms,0.11428571428571427,8,1.249498355263178,0.13166622336792813
strict @ 600 ms,0.14285714285714285,4,,
strict @ 600 ms,0.17142857142857143,6,1.0866981831664981,0.039776920952400374
strict @ 600 ms,0.2,5,1.1281453634084821,0.06981128215042373
strict @ 600 ms,0.2285714285714286,8,1.010901168548236,0.07196930534047251
strict @ 600 ms,0.2571428571428571,3,,
strict @ 600 ms,0.28571428571428564,2,,
strict @ 600 ms,0.3142857142857142,1,,
strict @ 600 ms,0.3428571428571428,3,,
strict @ 600 ms,0.3714285714285714,5,0.9927559282821934,0.05834212552338739
strict @ 600 ms,0.39999999999999997,3,,
strict @ 600 ms,0.42857142857142855,2,,
strict @ 600 ms,0.45714285714285713,4,,
strict @ 600 ms,0.4857142857142857,1,,
strict @ 700 ms,-0.4857142857142857,3,,
strict @ 700 ms,-0.45714285714285713,3,,
strict @ 700 ms,-0.42857142857142855,2,,
strict @ 700 ms,-0.4,1,,
strict @ 700 ms,-0.37142857142857144,5,0.8804054859868758,0.04706728015177203
strict @ 700 ms,-0.34285714285714286,2,,
strict @ 700 ms,-0.3142857142857143,1,,
strict @ 700 ms,-0.28571428571428575,0,,
strict @ 700 ms,-0.2571428571428572,1,,
strict @ 700 ms,-0.2285714285714286,2,,
strict @ 700 ms,-0.2,3,,
strict @ 700 ms,-0.17142857142857143,0,,
strict @ 700 ms,-0.14285714285714285,2,,
strict @ 700 ms,-0.1142857142857143,0,,
strict @ 700 ms,-0.08571428571428574,0,,
strict @ 700 ms,-0.05714285714285716,0,,
strict @ 700 ms,-0.02857142857142858,1,,
strict @ 700 ms,-2.7755575615628914e-17,0,,
strict @ 700 ms,0.028571428571428525,3,,
strict @ 700 ms,0.057142857142857106,4,,
strict @ 700 ms,0.08571428571428569,5,1.1756799926477446,0.1689771763269809
strict @ 700 ms,0.11428571428571427,5,0.925038988568432,0.12729486148645291
strict @ 700 ms,0.14285714285714285,5,0.8576961347110513,0.11808327328459711
strict @ 700 ms,0.17142857142857143,6,0.9605363836942971,0.08816506484546298
strict @ 700 ms,0.2,5,0.9915098235098316,0.08962112171077821
strict @ 700 ms,0.2285714285714286,3,,
strict @ 700 ms,0.2571428571428571,6,1.2466820987654352,0.1809962340118964
strict @ 700 ms,0.28571428571428564,3,,
strict @ 700 ms,0.3142857142857142,2,,
strict @ 700 ms,0.3428571428571428,2,,
strict @ 700 ms,0.3714285714285714,6,1.1572706572706761,0.15003085487173126
strict @ 700 ms,0.39999999999999997,3,,
strict @ 700 ms,0.42857142857142855,4,,
strict @ 700 ms,0.45714285714285713,4,,
strict @ 700 ms,0.4857142857142857,3,,
strict @ 850 ms,-0.4857142857142857,9,1.0599176954732554,0.03164898944556456
strict @ 850 ms,-0.45714285714285713,9,1.0844210880053509,0.045854251837930876
strict @ 850 ms,-0.42857142857142855,10,1.1673679653679707,0.060043510847194344
strict @ 850 ms,-0.4,12,1.1235692450165902,0.0823504584588736
strict @ 850 ms,-0.37142857142857144,15,1.0344699965849535,0.05115194895147842
strict @ 850 ms,-0.34285714285714286,10,1.1703273897238997,0.08675052170786456
strict @ 850 ms,-0.3142857142857143,8,0.9668965517241261,0.035243386112294446
strict @ 850 ms,-0.28571428571428575,7,1.6808637631296874,0.3278773341789804
strict @ 850 ms,-0.2571428571428572,12,1.3713262858000066,0.13655759251994745
strict @ 850 ms,-0.2285714285714286,12,1.1053034375160615,0.09579263034608812
strict @ 850 ms,-0.2,6,1.233824786324698,0.15655054804226706
strict @ 850 ms,-0.17142857142857143,8,1.1736437485621942,0.09360996088736535
strict @ 850 ms,-0.14285714285714285,7,1.0541765103763339,0.038197718733009964
strict @ 850 ms,-0.1142857142857143,7,1.2223911273911927,0.13048636148750412
strict @ 850 ms,-0.08571428571428574,3,,
strict @ 850 ms,-0.05714285714285716,0,,
strict @ 850 ms,-0.02857142857142858,5,1.2316923076923538,0.19249320283088137
strict @ 850 ms,-2.7755575615628914e-17,5,1.969045512331689,0.2829040689286416
strict @ 850 ms,0.028571428571428525,17,1.179813656151317,0.08627260897404032
strict @ 850 ms,0.057142857142857106,15,1.0823441305429176,0.054372136291031575
strict @ 850 ms,0.08571428571428569,18,1.1162972693607718,0.07065572456081255
strict @ 850 ms,0.11428571428571427,17,1.034430257400764,0.0650170358759349
strict @ 850 ms,0.14285714285714285,13,1.0184915008021547,0.053370198816103026
strict @ 850 ms,0.17142857142857143,10,1.1009228491924872,0.02661130758418451
strict @ 850 ms,0.2,17,1.1187414271869425,0.05556503354842486
strict @ 850 ms,0.2285714285714286,18,1.096596337067769,0.02953335649643746
strict @ 850 ms,0.2571428571428571,11,1.1353266133508193,0.0898896080304825
strict @ 850 ms,0.28571428571428564,12,1.0662390550983556,0.05204974575895738
strict @ 850 ms,0.3142857142857142,13,1.0641029326987683,0.04479055597251767
strict @ 850 ms,0.3428571428571428,15,1.2195024413203577,0.07141396142213424
strict @ 850 ms,0.3714285714285714,9,1.063273223689905,0.04162154178945038
strict @ 850 ms,0.39999999999999997,8,1.34550236042694,0.12232579969316963
strict @ 850 ms,0.42857142857142855,9,1.244584587525711,0.10762647326005213
strict @ 850 ms,0.45714285714285713,17,1.0860678242544297,0.04952129419486631
strict @ 850 ms,0.4857142857142857,15,1.2151777326375515,0.04795465832698986
strict @ 1000 ms,-0.4857142857142857,19,1.2161258128695691,0.09837966953797019
strict @ 1000 ms,-0.45714285714285713,26,1.2331040614869586,0.11095487113791658
strict @ 1000 ms,-0.42857142857142855,22,1.0681826925098514,0.049481144941739365
strict @ 1000 ms,-0.4,11,1.1577281522716414,0.14935726692762766
strict @ 1000 ms,-0.37142857142857144,16,1.2236506817135815,0.08963167946712491
strict @ 1000 ms,-0.34285714285714286,15,1.158559090915376,0.08498453296352836
strict @ 1000 ms,-0.3142857142857143,9,1.7262828789144409,0.30590054774566167
strict @ 1000 ms,-0.28571428571428575,9,1.0432267351385276,0.0378941132373249
strict @ 1000 ms,-0.2571428571428572,12,1.2861706170866425,0.11577790148479866
strict @ 1000 ms,-0.2285714285714286,10,1.1036790622242174,0.06403952959439427
strict @ 1000 ms,-0.2,8,1.342867943548415,0.2434074364432895
strict @ 1000 ms,-0.17142857142857143,6,1.2049527533398794,0.1416949550774914
strict @ 1000 ms,-0.14285714285714285,8,1.1933351426799197,0.1773239085039665
strict @ 1000 ms,-0.1142857142857143,3,,
strict @ 1000 ms,-0.08571428571428574,2,,
strict @ 1000 ms,-0.05714285714285716,3,,
strict @ 1000 ms,-0.02857142857142858,2,,
strict @ 1000 ms,-2.7755575615628914e-17,4,,
strict @ 1000 ms,0.028571428571428525,26,0.949973169641936,0.04297689235713278
strict @ 1000 ms,0.057142857142857106,29,1.0902109530057804,0.06624541219362148
strict @ 1000 ms,0.08571428571428569,31,1.0392965594803634,0.04005321695246971
strict @ 1000 ms,0.11428571428571427,28,1.162598392499531,0.07622000644217258
strict @ 1000 ms,0.14285714285714285,33,1.1280794652984159,0.05398202018846885
strict @ 1000 ms,0.17142857142857143,20,1.051245181660822,0.031248261072276896
strict @ 1000 ms,0.2,30,1.0468633312700042,0.04379027847497214
strict @ 1000 ms,0.2285714285714286,25,1.1798417857178776,0.07941347574269388
strict @ 1000 ms,0.2571428571428571,27,1.0698992198898667,0.04864042086044438
strict @ 1000 ms,0.28571428571428564,33,1.0907476015455906,0.0336132816987639
strict @ 1000 ms,0.3142857142857142,29,1.0694222566254161,0.04741996042921391
strict @ 1000 ms,0.3428571428571428,36,1.1487738552580713,0.06128712214729746
strict @ 1000 ms,0.3714285714285714,33,1.06773048879431,0.045487273483544526
strict @ 1000 ms,0.39999999999999997,36,1.125836956526967,0.04890793356898562
strict @ 1000 ms,0.42857142857142855,30,1.171715038393407,0.07094464182046548
strict @ 1000 ms,0.45714285714285713,38,1.1678300433618498,0.059468771940059305
strict @ 1000 ms,0.4857142857142857,20,1.3996927801487165,0.10771129434128186
